တိုင္း/ျပည္နယ္ (ျမန္မာ),ျမို့နယ္ (ျမန္မာ),အမ်ိုးအစား (ျမန္မာ),အမည္ (ျမန္မာ),လတၱီက်ု့,ေလာင္ဂ်ီက်ု့,ဖုန္းနံပါတ္,,,,,,
SR_MM_NAME,TS_MM_NAME,TYPE_MM,NAME_MM,LAT,LONG,Ph_no,,,,,,
စစ္ကိုင္းတိုင္းေဒသႀကီး,စစ္ကိုင္းျမိဳ ့,လ်ွပ္စစ္ပစၥည္းအေရာင္းဆိုင္,ထြန္းလင္း,21.88166,95.982358,09 797262667,,,,,,
စစ္ကိုင္းတိုင္းေဒသႀကီး,စစ္ကိုင္းျမိဳ ့,လ်ွပ္စစ္ပစၥည္းအေရာင္းဆိုင္,နယူးစတား,21.880752,95.98206,09 2061415,,,,,,
စစ္ကိုင္းတိုင္းေဒသႀကီး,စစ္ကိုင္းျမိဳ ့,လ်ွပ္စစ္ပစၥည္းအေရာင္းဆိုင္,ေဇယ်,21.884646,95.980926,072 22057,,,,,,
စစ္ကိုင္းတိုင္းေဒသႀကီး,စစ္ကိုင္းျမိဳ ့,လ်ွပ္စစ္ပစၥည္းအေရာင္းဆိုင္,မင္းႀကီးႀကိဳက္,21.885291,95.980121,09 33196639,,,,,,
စစ္ကိုင္းတိုင္းေဒသႀကီး,စစ္ကိုင္းျမိဳ ့,လ်ွပ္စစ္ပစၥည္းအေရာင္းဆိုင္,ဇြဲ,21.879868,95.980545,09 979720087,,,,,,
စစ္ကိုင္းတိုင္းေဒသႀကီး,စစ္ကိုင္းျမိဳ ့,လ်ွပ္စစ္ပစၥည္းအေရာင္းဆိုင္,မဂၤလာ,21.879857,95.980504,09 780907693,,,,,,
စစ္ကိုင္းတိုင္းေဒသႀကီး,စစ္ကိုင္းျမိဳ ့,လ်ွပ္စစ္ပစၥည္းအေရာင္းဆိုင္,နီလာ,21.881913,95.979345,09 442252214,,,,,,
စစ္ကိုင္းတိုင္းေဒသႀကီး,စစ္ကိုင္းျမိဳ ့,လ်ွပ္စစ္ပစၥည္းအေရာင္းဆိုင္,သစ္ဆန္း,21.903799,95.967228,09 400461026,,,,,,
စစ္ကိုင္းတိုင္းေဒသႀကီး,စစ္ကိုင္းျမိဳ ့,လ်ွပ္စစ္ပစၥည္းအေရာင္းဆိုင္,ေငြႀကယ္မိုး,21.879884,95.980801,09 965645500,,,,,,
စစ္ကိုင္းတိုင္းေဒသႀကီး,စစ္ကိုင္းျမိဳ ့,လ်ွပ္စစ္ပစၥည္းအေရာင္းဆိုင္,ဦးေမာင္ေမာင္,21.881363,95.981709,072 22623,,,,,,
စစ္ကိုင္းတိုင္းေဒသႀကီး,စစ္ကိုင္းျမိဳ ့,လ်ွပ္စစ္ပစၥည္းအေရာင္းဆိုင္,ေအာင္,21.879372,95.979338,09 970868734,,,,,,
စစ္ကိုင္းတိုင္းေဒသႀကီး,မံုရြာျမိဳ ့,လ်ွပ္စစ္ပစၥည္းအေရာင္းဆိုင္,စူပါပါ၀ါ,22.106095,95.1137061,09 974113788,,,,,,
စစ္ကိုင္းတိုင္းေဒသႀကီး,မံုရြာျမိဳ ့,လ်ွပ္စစ္ပစၥည္းအေရာင္းဆိုင္,သစ္ဆန္း,22.113664,95.130847,071 22488,,,,,,
စစ္ကိုင္းတိုင္းေဒသႀကီး,မံုရြာျမိဳ ့,လ်ွပ္စစ္ပစၥည္းအေရာင္းဆိုင္,စူပါစတား,22.117129,95.155747,09 445466466,,,,,,
စစ္ကိုင္းတိုင္းေဒသႀကီး,မံုရြာျမိဳ ့,လ်ွပ္စစ္ပစၥည္းအေရာင္းဆိုင္,ဒိုင္းမြန္း,22.111695,95.141621,09 443667272,,,,,,
စစ္ကိုင္းတိုင္းေဒသႀကီး,မံုရြာျမိဳ ့,လ်ွပ္စစ္ပစၥည္းအေရာင္းဆိုင္,ေအာင္မိသားစု,22.126285,95.134925,09 400453356,,,,,,
စစ္ကိုင္းတိုင္းေဒသႀကီး,မံုရြာျမိဳ ့,လ်ွပ္စစ္ပစၥည္းအေရာင္းဆိုင္,အိန္ဂ်ယ္,22.134978,95.157791,09 770646696,,,,,,
စစ္ကိုင္းတိုင္းေဒသႀကီး,မံုရြာျမိဳ ့,လ်ွပ္စစ္ပစၥည္းအေရာင္းဆိုင္,ကူဒီဟိန္း,22.126539,95.139351,09 455888808,,,,,,
စစ္ကိုင္းတိုင္းေဒသႀကီး,မံုရြာျမိဳ ့,လ်ွပ္စစ္ပစၥည္းအေရာင္းဆိုင္,ဆန္းယူနုိက္တက္,22.121329,95.169517,09 256119872,,,,,,
စစ္ကိုင္းတိုင္းေဒသႀကီး,ေရႊဘိုျမိဳ ့,လ်ွပ္စစ္ပစၥည္းအေရာင္းဆိုင္,သာထူး,22.571119,95.690998,09 455534440,,,,,,
စစ္ကိုင္းတိုင္းေဒသႀကီး,ေရႊဘိုျမိဳ ့,လ်ွပ္စစ္ပစၥည္းအေရာင္းဆိုင္,ေက်ာ္,22.573131,95.720541,057 21548,,,,,,
စစ္ကိုင္းတိုင္းေဒသၾကီး,စစ္ကိုင္းျမို့,လ်ွပ္စစ္ပစၥည္းအေရာင္းဆိုင္,နက္ဆန္း,21.918322,95.956615,,,,,,,
စစ္ကိုင္းတိုင္းေဒသၾကီး,စစ္ကိုင္းျမို့,လ်ွပ္စစ္ပစၥည္းအေရာင္းဆိုင္,ေဂ်ေဂ်,21.917848,96.967492,,,,,,,
စစ္ကိုင္းတိုင္းေဒသၾကီး,စစ္ကိုင္းျမို့,လ်ွပ္စစ္ပစၥည္းအေရာင္းဆိုင္,ေနာ္လွ်န္ဟုမ္း,21.928041,95.969896,,,,,,,
စစ္ကိုင္းတိုင္းေဒသၾကီး,စစ္ကိုင္းျမို့,လ်ွပ္စစ္ပစၥည္းအေရာင္းဆိုင္,ေရႊေတာင္ရိုး,21.891263,95.987281,,,,,,,
စစ္ကိုင္းတိုင္းေဒသၾကီး,စစ္ကိုင္းျမို့,လ်ွပ္စစ္ပစၥည္းအေရာင္းဆိုင္,ေအာင္စတား,21.885415,95.984868,,,,,,,
စစ္ကိုင္းတိုင္းေဒသၾကီး,စစ္ကိုင္းျမို့,လ်ွပ္စစ္ပစၥည္းအေရာင္းဆိုင္,တိုးႀကီး,21.883299,95.981258,,,,,,,
စစ္ကိုင္းတိုင္းေဒသၾကီး,စစ္ကိုင္းျမို့,လ်ွပ္စစ္ပစၥည္းအေရာင္းဆိုင္,စကိုင္းနက္,21.880747,95.987289,,,,,,,
စစ္ကိုင္းတိုင္းေဒသၾကီး,စစ္ကိုင္းျမို့,လ်ွပ္စစ္ပစၥည္းအေရာင္းဆိုင္,ေတာ့ပ္ဝမ္း,21.880133,95.981996,,,,,,,
စစ္ကိုင္းတိုင္းေဒသၾကီး,စစ္ကိုင္းျမို့,လ်ွပ္စစ္ပစၥည္းအေရာင္းဆိုင္,ေငြငန္းဦး,21.879123,95.98168,,,,,,,
စစ္ကိုင္းတိုင္းေဒသၾကီး,စစ္ကိုင္းျမို့,လ်ွပ္စစ္ပစၥည္းအေရာင္းဆိုင္,ဇြဲ,21.879861,95.980625,,,,,,,
စစ္ကိုင္းတိုင္းေဒသၾကီး,စစ္ကိုင္းျမို့,လ်ွပ္စစ္ပစၥည္းအေရာင္းဆိုင္,ေငြၾကယ္မိုး,22.766215,95.427699,,,,,,,
စစ္ကိုင္းတိုင္းေဒသၾကီး,စစ္ကိုင္းျမို့,လ်ွပ္စစ္ပစၥည္းအေရာင္းဆိုင္,သိန္းဆန္း,21.879008,95.979396,,,,,,,
စစ္ကိုင္းတိုင္းေဒသၾကီး,ေရႊဘိုျမို့,လ်ွပ္စစ္ပစၥည္းအေရာင္းဆိုင္,အာ၀ိုင္ဘီ,22.580336,95.694413,,,,,,,
စစ္ကိုင္းတိုင္းေဒသၾကီး,ေရႊဘိုျမို့,လ်ွပ္စစ္ပစၥည္းအေရာင္းဆိုင္,သာထူး,22.571097,95.691039,,,,,,,
စစ္ကိုင္းတိုင္းေဒသၾကီး,ေရႊဘိုျမို့,လ်ွပ္စစ္ပစၥည္းအေရာင္းဆိုင္,ယိုရိုဇု,22.569131,95.694659,,,,,,,
စစ္ကိုင္းတိုင္းေဒသၾကီး,ေရႊဘိုျမို့,လ်ွပ္စစ္ပစၥည္းျပဳျပင္ေရး,ေက်ာ္စြာ,22.567522,95.698343,,,,,,,
စစ္ကိုင္းတိုင္းေဒသၾကီး,ေရႊဘိုျမို့,လ်ွပ္စစ္ပစၥည္းအေရာင္းဆိုင္,ေဇာ္,22.566489,95.698279,,,,,,,
စစ္ကိုင္းတိုင္းေဒသၾကီး,ေရႊဘိုျမို့,လ်ွပ္စစ္ပစၥည္းအေရာင္းဆိုင္,လင္း,22.568453,95.69848,,,,,,,
စစ္ကိုင္းတိုင္းေဒသၾကီး,ေရႊဘိုျမို့,လ်ွပ္စစ္ပစၥည္းအေရာင္းဆိုင္,ထြန္း,22.568303,95.698563,,,,,,,
စစ္ကိုင္းတိုင္းေဒသၾကီး,ေရႊဘိုျမို့,လ်ွပ္စစ္ပစၥည္းအေရာင္းဆိုင္,ပါဖက္,22.564929,95.698254,,,,,,,
စစ္ကိုင္းတိုင္းေဒသၾကီး,ေရႊဘိုျမို့,ဓာတ္အားခြဲရံု,၂၃၀ေကဗြီ,22.615338,95.737217,,,,,,,
စစ္ကိုင္းတိုင္းေဒသၾကီး,ေရဦးျမို့,ျမိဳ႕နယ္လ်ွပ္စစ္အင္ဂ်င္နီယာရံုး,ေရဦးလွ်ပ္စစ္ရံုး,22.76602,95.427737,,,,,,,
စစ္ကိုင္းတိုင္းေဒသၾကီး,ေရဦးျမို့,လ်ွပ္စစ္ပစၥည္းအေရာင္းဆိုင္,ရတနာပံု,22.763846,95.428668,,,,,,,
စစ္ကိုင္းတိုင္းေဒသၾကီး,ေရဦးျမို့,လ်ွပ္စစ္ပစၥည္းအေရာင္းဆိုင္,ျပည့္စံု,22.763121,95.428921,,,,,,,
စစ္ကိုင္းတိုင္းေဒသၾကီး,ေရဦးျမို့,လ်ွပ္စစ္ပစၥည္းအေရာင္းဆိုင္,ေအာင္ေက်ာ္မိုး,22.763555,95.4256,,,,,,,
စစ္ကိုင္းတိုင္းေဒသၾကီး,ေရဦးျမို့,လ်ွပ္စစ္ပစၥည္းအေရာင္းဆိုင္,ကိုထိုက္,22.765532,95.426999,,,,,,,
စစ္ကိုင္းတိုင္းေဒသၾကီး,ေရဦးျမို့,လ်ွပ္စစ္ပစၥည္းအေရာင္းဆိုင္,နယူးအဲနဂ်ီ,22.7671289,95.421031,,,,,,,
စစ္ကိုင္းတိုင္းေဒသၾကီး,ေရဦးျမို့,လ်ွပ္စစ္ပစၥည္းအေရာင္းဆိုင္,လ၀န္းသစ္,22.764268,95.429043,,,,,,,
စစ္ကိုင္းတိုင္းေဒသၾကီး,ကၽြန္းလွျမို့,လ်ွပ္စစ္ပစၥည္းအေရာင္းဆိုင္,မိုးေကာင္းကင္,23.321204,95.522526,,,,,,,
စစ္ကိုင္းတိုင္းေဒသၾကီး,ကၽြန္းလွျမို့,လ်ွပ္စစ္ပစၥည္းအေရာင္းဆိုင္,၁ရာစု,23.321263,95.525581,,,,,,,
စစ္ကိုင္းတိုင္းေဒသၾကီး,ကၽြန္းလွျမို့,လ်ွပ္စစ္ပစၥည္းအေရာင္းဆိုင္,ေအာင္ခ်မ္းမိုး,23.318533,95.570057,,,,,,,
စစ္ကိုင္းတိုင္းေဒသၾကီး,ကၽြန္းလွျမို့,လ်ွပ္စစ္ပစၥည္းအေရာင္းဆိုင္,စပယ္,22.286877,95.449515,,,,,,,
စစ္ကိုင္းတိုင္းေဒသၾကီး,ကၽြန္းလွျမို့,လ်ွပ္စစ္ပစၥည္းအေရာင္းဆိုင္,စင္ကာပူ,22.282127,95.445084,,,,,,,
စစ္ကိုင္းတိုင္းေဒသၾကီး,ကၽြန္းလွျမို့,လ်ွပ္စစ္ပစၥည္းအေရာင္းဆိုင္,လင္းသစ္စာ,22.285686,95.449459,,,,,,,
စစ္ကိုင္းတိုင္းေဒသၾကီး,ကၽြန္းလွျမို့,လ်ွပ္စစ္ပစၥည္းအေရာင္းဆိုင္,သစ္ဆန္း,22.285843,95.44764,,,,,,,
စစ္ကိုင္းတိုင္းေဒသၾကီး,မံုရြာျမို့,လ်ွပ္စစ္ပစၥည္းအေရာင္းဆိုင္,အလင္းသစ္,22.117901,95.149526,,,,,,,
စစ္ကိုင္းတိုင္းေဒသၾကီး,မံုရြာျမို့,လ်ွပ္စစ္ပစၥည္းအေရာင္းဆိုင္,ေအာင္မိသားစု,22.126406,95.134805,,,,,,,
စစ္ကိုင္းတိုင္းေဒသၾကီး,မံုရြာျမို့,လ်ွပ္စစ္ပစၥည္းအေရာင္းဆိုင္,ေအာင္ေကာင္းျမတ္,22.129685,95.160267,,,,,,,
စစ္ကိုင္းတိုင္းေဒသၾကီး,မံုရြာျမို့,လ်ွပ္စစ္ပစၥည္းအေရာင္းဆိုင္,ေရႊရည္၀င္း,22.084668,95.162866,,,,,,,
စစ္ကိုင္းတိုင္းေဒသၾကီး,မံုရြာျမို့,လ်ွပ္စစ္ပစၥည္းအေရာင္းဆိုင္,မိုးသိျကား,22.107075,95.13133,,,,,,,
စစ္ကိုင္းတိုင္းေဒသၾကီး,မံုရြာျမို့,လ်ွပ္စစ္ပစၥည္းအေရာင္းဆိုင္,အားသစ္,22.107127,95.70059,,,,,,,
စစ္ကိုင္းတိုင္းေဒသၾကီး,မံုရြာျမို့,လ်ွပ္စစ္ပစၥည္းအေရာင္းဆိုင္,ေကအန္ေက,22.105225,95.137267,,,,,,,
စစ္ကိုင္းတိုင္းေဒသၾကီး,မံုရြာျမို့,လ်ွပ္စစ္ပစၥည္းအေရာင္းဆိုင္,အိုင္တီစီးတီး,22.116321,95.132201,,,,,,,
စစ္ကိုင္းတိုင္းေဒသၾကီး,စစ္ကိုင္းျမို့,လ်ွပ္စစ္ပစၥည္းအေရာင္းဆိုင္,နယူးဘီး,22.116672,95.141525,,,,,,,
တနသၤာရီတိုင္းေဒသၾကီး,ထား၀ယ္ျမို့,ျမိဳ႕နယ္လ်ွပ္စစ္အင္ဂ်င္နီယာရံုး,ထား၀ယ္လ်ွပ္စစ္ဓာတ္အားေပးစက္ရံု,14.083522,98.194653,,,,,,,
တနသၤာရီတိုင္းေဒသၾကီး,ထား၀ယ္ျမို့,လ်ွပ္စစ္ပစၥည္းအေရာင္းဆိုင္,ယူအမ္ဂ်ီ(ျမန္မာ),14.056698,98.190334,059 23007,,,,,,
တနသၤာရီတိုင္းေဒသၾကီး,ထား၀ယ္ျမို့,လ်ွပ္စစ္ပစၥည္းအေရာင္းဆိုင္,စိန္ေရႊ,14.072742,98.190061,09 254821821,,,,,,
တနသၤာရီတိုင္းေဒသၾကီး,ထား၀ယ္ျမို့,လ်ွပ္စစ္ပစၥည္းအေရာင္းဆိုင္,၈၈,14.075414,98.186501,09 450992600,,,,,,
တနသၤာရီတိုင္းေဒသၾကီး,ထား၀ယ္ျမို့,လ်ွပ္စစ္ပစၥည္းအေရာင္းဆိုင္,ဇီဇ၀ါေမႊး,14.123739,98.175781,09 8752211,,,,,,
တနသၤာရီတိုင္းေဒသၾကီး,ေမာင္းမကန္ျမို့,လ်ွပ္စစ္ပစၥည္းျပဳျပင္ေရး,စူပါ,14.173206,98.103867,09 782462554,,,,,,
တနသၤာရီတိုင္းေဒသၾကီး,ပုေလာျမို့,လ်ွပ္စစ္ပစၥည္းအေရာင္းဆိုင္,အလင္းေရာင္,12.974337,98.647189,,,,,,,
တနသၤာရီတိုင္းေဒသၾကီး,ကလိန္ေအာင္ျမို့,လ်ွပ္စစ္ပစၥည္းအေရာင္းဆိုင္,မိဘေမတၱာ,14.623811,98.137898,09 788374373,,,,,,
ပဲခူးတိုင္းေဒသၾကီး,ပဲခူးျမို႕,လ်ွပ္စစ္ပစၥည္းအေရာင္းဆိုင္,စုမြန္,17.334425,96.493107,,,,,,,
ပဲခူးတိုင္းေဒသၾကီး,ပဲခူးျမို႕,လ်ွပ္စစ္ပစၥည္းအေရာင္းဆိုင္,ေဇာ္,17.3360548,96.4890237,,,,,,,
ပဲခူးတိုင္းေဒသၾကီး,ပဲခူးျမို႕,လ်ွပ္စစ္ပစၥည္းအေရာင္းဆိုင္,ေ၀ယံ,17.3341598,96.4817398,09260632525,,,,,,
ပဲခူးတိုင္းေဒသၾကီး,ပဲခူးျမို႕,လ်ွပ္စစ္ပစၥည္းအေရာင္းဆိုင္,မစ္ရွင္,17.3366186,96.4895647,0973333439,,,,,,
ပဲခူးတိုင္းေဒသၾကီး,ပဲခူးျမို႕,လ်ွပ္စစ္ပစၥည္းအေရာင္းဆိုင္,အိုေက,17.3332787,96.4932783,09790150354,,,,,,
ပဲခူးတိုင္းေဒသၾကီး,ပဲခူးျမို႕,လ်ွပ္စစ္ပစၥည္းအေရာင္းဆိုင္,ေရြွလိပ္ျပာ,17.335357,96.489248,,,,,,,
ပဲခူးတိုင္းေဒသၾကီး,ပဲခူးျမို႕,လ်ွပ္စစ္ပစၥည္းအေရာင္းဆိုင္,ေနလ,17.334421,96.493107,,,,,,,
ပဲခူးတိုင္းေဒသၾကီး,ပဲခူးျမို႕,လ်ွပ္စစ္ပစၥည္းအေရာင္းဆိုင္,ကြန္နက္,17.332707,96.489442,09777732910,,,,,,
ပဲခူးတိုင္းေဒသၾကီး,ပဲခူးျမို႕,လ်ွပ္စစ္ပစၥည္းအေရာင္းဆိုင္,ဂရင္းလဲန္ဒ္,17.345155,96.49721,,,,,,,
ပဲခူးတိုင္းေဒသၾကီး,ေတာင္ငူျမို႕,လ်ွပ္စစ္ပစၥည္းျပဳျပင္ေရး,ကိုမိုး,18.937764,96.434376,09253211782,,,,,,
ပဲခူးတိုင္းေဒသၾကီး,ေတာင္ငူျမို႕,လ်ွပ္စစ္ပစၥည္းအေရာင္းဆိုင္,ရိုလဲ့က္စ္-ဗဟို,18.940396,96.440103,05424136,,,,,,
ပဲခူးတိုင္းေဒသၾကီး,ေတာင္ငူျမို႕,လ်ွပ္စစ္ပစၥည္းအေရာင္းဆိုင္,အလင္းပြင့္,18.943392,96.427824,09777054684,,,,,,
ပဲခူးတိုင္းေဒသၾကီး,ေတာင္ငူျမို႕,လ်ွပ္စစ္ပစၥည္းအေရာင္းဆိုင္,ေအာင္ရတနာ,18.940108,96.440063,05425128,,,,,,
ပဲခူးတိုင္းေဒသၾကီး,ေတာင္ငူျမို႕,လ်ွပ္စစ္ပစၥည္းအေရာင္းဆိုင္,ညြန္႔,18.940945,96.440198,05425167,,,,,,
ပဲခူးတိုင္းေဒသၾကီး,ေတာင္ငူျမို႕,လ်ွပ္စစ္ပစၥည္းအေရာင္းဆိုင္,အကန့္အသတ္မဲ့ကုမၸဏီလိမိတက္,18.94379,96.432803,09259326866,,,,,,
ပဲခူးတိုင္းေဒသၾကီး,ေတာင္ငူျမို႕,လ်ွပ္စစ္ပစၥည္းအေရာင္းဆိုင္,စည္ဗဟို,18.939835,96.434363,09785328569,,,,,,
ပဲခူးတိုင္းေဒသၾကီး,ေဇယ်၀တီျမို႕,လ်ွပ္စစ္ပစၥည္းအေရာင္းဆိုင္,ဟုမ္းလိုက္ထ္,18.535551,96.431198,09260559621,,,,,,
ပဲခူးတိုင္းေဒသၾကီး,ေဇယ်၀တီျမို႕,လ်ွပ္စစ္ပစၥည္းအေရာင္းဆိုင္,စိန္ခ်ယ္ရီ,18.544199,96.429808,095390518,,,,,,
ပဲခူးတိုင္းေဒသၾကီး,ေဇယ်၀တီျမို႕,လ်ွပ္စစ္ပစၥည္းအေရာင္းဆိုင္,ေဇယ်ာပံု,18.537391,96.431362,05485073,,,,,,
ပဲခူးတိုင္းေဒသၾကီး,ေဇယ်၀တီျမို႕,လ်ွပ္စစ္ပစၥည္းအေရာင္းဆိုင္,ဧရိုးမား,18.535128,96.431429,09797852517,,,,,,
ပဲခူးတိုင္းေဒသၾကီး,ေဇယ်၀တီျမို႕,လ်ွပ္စစ္ပစၥည္းအေရာင္းဆိုင္,စီးတီးလိုက္ထ္,18.533679,96.431551,09250702200,,,,,,
ပဲခူးတိုင္းေဒသၾကီး,ဒိုက္ဦးျမို႕,လ်ွပ္စစ္ပစၥည္းအေရာင္းဆိုင္,ဟယ္လို,17.797247,96.670281,095142250,,,,,,
ပဲခူးတိုင္းေဒသၾကီး,ဒိုက္ဦးျမို႕,လ်ွပ္စစ္ပစၥည္းအေရာင္းဆိုင္,ေရြွေတာင္တန္း,17.795254,96.665478,09252557565,,,,,,
ပဲခူးတိုင္းေဒသၾကီး,ဒိုက္ဦးျမို႕,လ်ွပ္စစ္ပစၥည္းအေရာင္းဆိုင္,ေရြွဟသၤာ,17.797104,96.671533,095382124,,,,,,
ပဲခူးတိုင္းေဒသၾကီး,ၾကိဳ႕ပင္ေကာက္ျမို႕,လ်ွပ္စစ္ပစၥည္းအေရာင္းဆိုင္,ဟန္လင္း,18.230243,95.648927,05350700,,,,,,
ပဲခူးတိုင္းေဒသၾကီး,ၾကိဳ႕ပင္ေကာက္ျမို႕,လ်ွပ္စစ္ပစၥည္းအေရာင္းဆိုင္,ျမတ္လင္းေရာင္,18.229494,95.652025,05351017,,,,,,
ပဲခူးတိုင္းေဒသၾကီး,ၾကိဳ႕ပင္ေကာက္ျမို႕,လ်ွပ္စစ္ပစၥည္းအေရာင္းဆိုင္,ၾကယ္စင္လင္း,18.231633,95.653573,095373094,,,,,,
ပဲခူးတိုင္းေဒသၾကီး,က၀ျမိဳ႕,လ်ွပ္စစ္ပစၥည္းအေရာင္းဆိုင္,လင္းလင္းေအာင္,17.088598,96.456171,,,,,,,
ပဲခူးတိုင္းေဒသၾကီး,က၀ျမိဳ႕,လ်ွပ္စစ္ပစၥည္းအေရာင္းဆိုင္,ရွုိင္း,17.088505,96.45571,09428149423,,,,,,
ပဲခူးတိုင္းေဒသၾကီး,ေက်ာက္တံခါးျမိဳ႕,လ်ွပ္စစ္ပစၥည္းအေရာင္းဆိုင္,ေအာင္တံခြန္,18.156365,96.611084,09400010304,,,,,,
ပဲခူးတိုင္းေဒသၾကီး,ေက်ာက္တံခါးျမိဳ႕,လ်ွပ္စစ္ပစၥည္းအေရာင္းဆိုင္,ဘုရင္,18.156856,96.611951,,,,,,,
ပဲခူးတိုင္းေဒသၾကီး,ေက်ာက္တံခါးျမိဳ႕,လ်ွပ္စစ္ပစၥည္းအေရာင္းဆိုင္,ေအာင္,18.155462,96.613008,09954922717,,,,,,
ပဲခူးတိုင္းေဒသၾကီး,ေတာကၽြဲအင္းျမိဳ့,လ်ွပ္စစ္ပစၥည္းအေရာင္းဆိုင္,ျပည့္ျဖိဳးေအာင္,18.279289,96.526308,09428194394,,,,,,
ပဲခူးတိုင္းေဒသၾကီး,ေတာကၽြဲအင္းျမိဳ့,လ်ွပ္စစ္ပစၥည္းအေရာင္းဆိုင္,ေအဂ်ီ,18.276605,96.522014,,,,,,,
ပဲခူးတိုင္းေဒသၾကီး,ျပည္ျမိဳ့,လ်ွပ္စစ္ပစၥည္းအေရာင္းဆိုင္,နိုင္,18.822763,95.216416,09423718483,,,,,,
ပဲခူးတိုင္းေဒသၾကီး,ျပည္ျမိဳ့,လ်ွပ္စစ္ပစၥည္းအေရာင္းဆိုင္,ေကာင္း,18.82109,95.234627,,,,,,,
ပဲခူးတိုင္းေဒသၾကီး,ျပည္ျမိဳ့,လ်ွပ္စစ္ပစၥည္းအေရာင္းဆိုင္,ေအာင္ျမန္မာထြန္း,18.815775,95.250853,09456400669,,,,,,
ပဲခူးတိုင္းေဒသၾကီး,ျပည္ျမိဳ့,လ်ွပ္စစ္ပစၥည္းအေရာင္းဆိုင္,ထိန္လင္း,18.817948,95.2569174,09421061587,,,,,,
ပဲခူးတိုင္းေဒသၾကီး,ျပည္ျမိဳ့,လ်ွပ္စစ္ပစၥည္းအေရာင္းဆိုင္,ေအာင္,18.818425,95.257362,0931446200,,,,,,
ပဲခူးတိုင္းေဒသၾကီး,ျပည္ျမိဳ့,လ်ွပ္စစ္ပစၥည္းအေရာင္းဆိုင္,ဖိုးလမင္း,18.8175594,95.253511,09403406698,,,,,,
ပဲခူးတိုင္းေဒသၾကီး,ျပည္ျမိဳ့,လ်ွပ္စစ္ပစၥည္းအေရာင္းဆိုင္,ေ၀ယံ,18.8196477,95.2181709,05324040,,,,,,
ပဲခူးတိုင္းေဒသၾကီး,ျပည္ျမိဳ့,လ်ွပ္စစ္ပစၥည္းအေရာင္းဆိုင္,ျမတ္နိုးသူ,18.823467,95.216698,09423718304,,,,,,
ပဲခူးတိုင္းေဒသၾကီး,ျပည္ျမိဳ့,လ်ွပ္စစ္ပစၥည္းအေရာင္းဆိုင္,ထြန္းေတာက္,18.819214,95.222854,09796999961,,,,,,
ပဲခူးတိုင္းေဒသၾကီး,ေရႊေတာင္ျမိဳ႕,လ်ွပ္စစ္ပစၥည္းအေရာင္းဆိုင္,ဂရင္းတက္ခ္,18.70262,95.210664,09975332232,,,,,,
ပဲခူးတိုင္းေဒသၾကီး,ျဖဴးျမိဳ့,လ်ွပ္စစ္ပစၥည္းအေရာင္းဆိုင္,စံျဖဴ,18.482557,96.436694,09254361495,,,,,,
ပဲခူးတိုင္းေဒသၾကီး,ျဖဴးျမိဳ့,လ်ွပ္စစ္ပစၥည္းအေရာင္းဆိုင္,ပီဒီ,18.484495,96.435026,,,,,,,
ပဲခူးတိုင္းေဒသၾကီး,ျဖဴးျမိဳ့,လ်ွပ္စစ္ပစၥည္းအေရာင္းဆိုင္,ကိုလာလူး,18.481205,96.43498,09976222991,,,,,,
ပဲခူးတိုင္းေဒသၾကီး,ျဖဴးျမိဳ့,လ်ွပ္စစ္ပစၥည္းျပဳျပင္ေရး,ေမာ္ဒန္,18.46969,96.436652,09256208889,,,,,,
ပဲခူးတိုင္းေဒသၾကီး,မုန္းျမိဳ့,လ်ွပ္စစ္ပစၥည္းျပဳျပင္ေရး,စိုးမင္းဟိန္း,18.528984,96.622811,09458021386,,,,,,
ပဲခူးတိုင္းေဒသၾကီး,လက္ပံတန္းျမိဳ့,လ်ွပ္စစ္ပစၥည္းအေရာင္းဆိုင္,ဆန္းစတား,17.78395,95.748446,05332371,,,,,,
ပဲခူးတိုင္းေဒသၾကီး,လက္ပံတန္းျမိဳ့,လ်ွပ္စစ္ပစၥည္းအေရာင္းဆိုင္,ေက်ာ္ေက်ာ္,17.783206,95.749714,09978005199,,,,,,
ပဲခူးတိုင္းေဒသၾကီး,အိုးသည္ကုန္းျမိဳ႕,လ်ွပ္စစ္ပစၥည္းအေရာင္းဆိုင္,၀မ္းစတား,18.04039,95.692385,,,,,,,
ပဲခူးတိုင္းေဒသၾကီး,အိုးသည္ကုန္းျမိဳ႕,လ်ွပ္စစ္ပစၥည္းအေရာင္းဆိုင္,နိုင္းနိုင္း,18.042925,95.694448,09423668058,,,,,,
ပဲခူးတိုင္းေဒသၾကီး,အုတ္ဖိုျမိဳ႕,လ်ွပ္စစ္ပစၥည္းအေရာင္းဆိုင္,ဧရာ,18.135155,95.669059,,,,,,,
ပဲခူးတိုင္းေဒသၾကီး,နတ္သလင္းျမိဳ႕,လ်ွပ္စစ္ပစၥည္းအေရာင္းဆိုင္,ဇာနီ,18.429948,95.549813,09974321301,,,,,,
ပဲခူးတိုင္းေဒသၾကီး,နတ္သလင္းျမိဳ႕,လ်ွပ္စစ္ပစၥည္းအေရာင္းဆိုင္,ေက်ာင္းဆရာ,18.429632,95.552539,09787996198,,,,,,
ပဲခူးတိုင္းေဒသၾကီး,ေညာင္ေလးပင္ျမိဳ႕,လ်ွပ္စစ္ပစၥည္းအေရာင္းဆိုင္,ေအာ္တိုကင္း,17.958516,96.719967,,,,,,,
ပဲခူးတိုင္းေဒသၾကီး,ေညာင္ေလးပင္ျမိဳ႕,လ်ွပ္စစ္ပစၥည္းအေရာင္းဆိုင္,ေလလႈိင္း,17.9565687,96.7147772,09790172468,,,,,,
ပဲခူးတိုင္းေဒသၾကီး,ေရႊက်င္ျမို့,လ်ွပ္စစ္ပစၥည္းအေရာင္းဆိုင္,ေဆာင္းနွင္းအိမ္,17.929321,96.880675,09428013226,,,,,,
ပဲခူးတိုင္းေဒသၾကီး,သံုးဆယ္ျမိဳ႕,လ်ွပ္စစ္ပစၥည္းအေရာင္းဆိုင္,ကိုညာသား,17.624339,95.786761,,,,,,,
ပဲခူးတိုင္းေဒသၾကီး,ဖဒိုျမိဳ႕,လ်ွပ္စစ္ပစၥည္းအေရာင္းဆိုင္,ေအာင္သစၥာ,18.036884,96.556211,09250212510,,,,,,
ပဲခူးတိုင္းေဒသၾကီး,ဖဒိုျမိဳ႕,လ်ွပ္စစ္ပစၥည္းအေရာင္းဆိုင္,အိုင္-တက္ခ္,18.037315,96.554117,09975220333,,,,,,
ပဲခူးတိုင္းေဒသၾကီး,ဖဒိုျမိဳ႕,လ်ွပ္စစ္ပစၥည္းအေရာင္းဆိုင္,စံျပ,18.036991,96.55445,09790207625,,,,,,
ပဲခူးတိုင္းေဒသၾကီး,ပဲႏြယ္ကုန္းျမိဳ႕,လ်ွပ္စစ္ပစၥည္းအေရာင္းဆိုင္,ဘက္စ္ဘိုင္,18.224777,96.566132,09450043022,,,,,,
ပဲခူးတိုင္းေဒသၾကီး,အုတ္တြင္းျမိဳ႕,လ်ွပ္စစ္ပစၥည္းအေရာင္းဆိုင္,ပန္းကမၻာ(၂),18.828131,96.409831,,,,,,,
ပဲခူးတိုင္းေဒသၾကီး,ေပါင္းတလည္ျမို႕,လ်ွပ္စစ္ပစၥည္းအေရာင္းဆိုင္,ေကာင္းျမတ္သူ,18.850426,95.384892,09791183587,,,,,,
ပဲခူးတိုင္းေဒသၾကီး,ေပါင္းတလည္ျမို႕,လ်ွပ္စစ္ပစၥည္းအေရာင္းဆိုင္,ေကာင္းထြန္းလင္း,18.850815,95.384027,,,,,,,
ပဲခူးတိုင္းေဒသၾကီး,ေပါင္းတည္ျမို႕,လ်ွပ္စစ္ပစၥည္းအေရာင္းဆိုင္,ဒီေက,18.488696,95.506859,05338838,,,,,,
ပဲခူးတိုင္းေဒသၾကီး,ေပါင္းတည္ျမို႕,လ်ွပ္စစ္ပစၥည္းအေရာင္းဆိုင္,၀င္းပပ,18.490312,95.508175,05338240,,,,,,
ပဲခူးတိုင္းေဒသၾကီး,ထန္းတပင္ျမို႕,လ်ွပ္စစ္ပစၥည္းအေရာင္းဆိုင္,ေဆးဗားစတား,16.942163,96.024866,09763213022,,,,,,
ပဲခူးတိုင္းေဒသၾကီး,ဇီးကုန္းျမို႕,လ်ွပ္စစ္ပစၥည္းအေရာင္းဆိုင္,ေကာင္းဟိန္း,18.338091,95.623435,05334379,,,,,,
ပဲခူးတိုင္းေဒသၾကီး,သဲကုန္းျမိဳ႕,လ်ွပ္စစ္ပစၥည္းအေရာင္းဆိုင္,စံခ်ိန္သစ္,18.648358,95.415384,09975508499,,,,,,
ပဲခူးတိုင္းေဒသၾကီး,ေပါင္းတည္ျမို႕,ဓာတ္အားခြဲရံု,၃၃/၁၁ ဓာတ္အားေပးရံု,18.485312,95.510772,05338014,,,,,,
ပဲခူးတိုင္းေဒသၾကီး,မွတ္တိုင္ျမို႕,ဓာတ္အားခြဲရံု,အမ္အီးပီအီး မွတ္တိုင္,18.582291,95.530998,,,,,,,
ပဲခူးတိုင္းေဒသၾကီး,ျပည္ျမိဳ့,ဓာတ္အားခြဲရံု,ဂရင္းစတား,18.824963,95.248448,092038284,,,,,,
ပဲခူးတိုင္းေဒသၾကီး,သာယာကုန္း,ဓာတ္အားခြဲရံု,သာယာကုန္းဓာတ္အားေပးရံု,18.089197,96.641515,,,,,,,
ပဲခူးတိုင္းေဒသၾကီး,ေရႊေတာင္ျမိဳ႕,ဓာတ္အားခြဲရံု,ေရႊေတာင္ဓာတ္အားေပးရံု,18.727817,95.228298,,,,,,,
ပဲခူးတိုင္းေဒသၾကီး,ဒိုက္ဦးျမို႕,ဓာတ္အားခြဲရံု,ေအာင္စိုးမိုး ထရန့္စ္ဖာ,17.784284,96.659593,,,,,,,
ပဲခူးတိုင္းေဒသၾကီး,ဒိုက္ဦးျမို႕,ဓာတ္အားခြဲရံု,သံတတား  ထရန့္စ္ဖာ,17.791014,96.663647,,,,,,,
ပဲခူးတိုင္းေဒသၾကီး,ဒိုက္ဦးျမို႕,ဓာတ္အားခြဲရံု,ရံုးတတား  ထရန့္စ္ဖာ,17.784284,96.659593,,,,,,,
ပဲခူးတိုင္းေဒသၾကီး,ဒိုက္ဦးျမို႕,ဓာတ္အားခြဲရံု,၇ ရပ္ကြက္  ထရန့္စ္ဖာ,17.799923,96.66595,,,,,,,
ပဲခူးတိုင္းေဒသၾကီး,ဒိုက္ဦးျမို႕,ဓာတ္အားခြဲရံု,ဒရယ္မီးတာဆံု ထရန့္စ္ဖာ,17.805745,96.671373,09777747418,,,,,,
ပဲခူးတိုင္းေဒသၾကီး,ေတာင္ငူျမို႕,ေရအားလွ်ပ္စစ္ဓာတ္အားေပးစက္ရံု,ေသာက္ေရခပ္(၂),18.911165,96.61612,01222422,,,,,,
ပဲခူးတိုင္းေဒသၾကီး,ေက်ာက္တံခါးျမိဳ႕,ေရအားလွ်ပ္စစ္ဓာတ္အားေပးစက္ရံု,ရဲႏြယ္,18.08685,96.445965,,,,,,,
ပဲခူးတိုင္းေဒသၾကီး,ေတာင္ငူျမို႕,ေရအားလွ်ပ္စစ္ဓာတ္အားေပးစက္ရံု,ခေပါင္း,18.898143,96.222382,,,,,,,
ပဲခူးတိုင္းေဒသၾကီး,ျဖဴးျမိဳ့,ေရအားလွ်ပ္စစ္ဓာတ္အားေပးစက္ရံု,ျဖူးေခ်ာင္း,18.506146,96.353704,,,,,,,
ပဲခူးတိုင္းေဒသၾကီး,ပဲခူးျမို႕,ေရအားလွ်ပ္စစ္ဓာတ္အားေပးစက္ရံု,ေဇာင္းတူ,17.754641,96.200508,,,,,,,
ပဲခူးတိုင္းေဒသၾကီး,ေရႊက်င္ျမို့,ေရအားလွ်ပ္စစ္ဓာတ္အားေပးစက္ရံု,ေရႊက်င္,17.968286,96.933004,,,,,,,
ပဲခူးတိုင္းေဒသၾကီး,ဒိုက္ဦးျမို႕,ျမိဳ႕နယ္လ်ွပ္စစ္အင္ဂ်င္နီယာရံုး,ဒိုက္ဦးလွ်ပ္စစ္ရံုး,17.803775,96.673062,05240013,,,,,,
ပဲခူးတိုင္းေဒသၾကီး,ေပါင္းတည္ျမို႕,ျမိဳ႕နယ္လ်ွပ္စစ္အင္ဂ်င္နီယာရံုး,ေပါင္းတည္လွ်ပ္စစ္ရံုး,18.485627,95.511302,,,,,,,
မေကြးတိုင္းေဒသႀကီး,မေကြးျမို႕,လ်ွပ္စစ္ပစၥည္းအေရာင္းဆိုင္,မေကြး,20.159552,94.92199,9694702392,,,,,,
မေကြးတိုင္းေဒသႀကီး,မေကြးျမို႕,လ်ွပ္စစ္ပစၥည္းအေရာင္းဆိုင္,ဇာမဏိ,20.193307,94.927488,9965145235,,,,,,
မေကြးတိုင္းေဒသႀကီး,မေကြးျမို႕,လ်ွပ္စစ္ပစၥည္းအေရာင္းဆိုင္,၀င္း,20.151945,94.93434,95343814,,,,,,
မေကြးတိုင္းေဒသႀကီး,မေကြးျမို႕,လ်ွပ္စစ္ပစၥည္းအေရာင္းဆိုင္,ေအာင္ဇာျခည္,20.144414,94.92589,,,,,,,
မေကြးတိုင္းေဒသႀကီး,မေကြးျမို႕,လ်ွပ္စစ္ပစၥည္းအေရာင္းဆိုင္,နီနီ,20.151681,94.921648,,,,,,,
မေကြးတိုင္းေဒသႀကီး,မေကြးျမို႕,လ်ွပ္စစ္ပစၥည္းအေရာင္းဆိုင္,စြမ္း,20.144066,94.932921,9401552755,,,,,,
မေကြးတိုင္းေဒသႀကီး,မေကြးျမို႕,လ်ွပ္စစ္ပစၥည္းအေရာင္းဆိုင္,စိန္ေရႊ,20.150815,94.927447,9898930098,,,,,,
မေကြးတိုင္းေဒသႀကီး,မေကြးျမို႕,လ်ွပ္စစ္ပစၥည္းအေရာင္းဆိုင္,မ်ိုးသိန္း,20.147546,94.946013,9965343076,,,,,,
မေကြးတိုင္းေဒသႀကီး,မေကြးျမို႕,လ်ွပ္စစ္ပစၥည္းအေရာင္းဆိုင္,ေကာင္းျမတ္,20.150993,94.939835,6327467,,,,,,
မေကြးတိုင္းေဒသႀကီး,မေကြးျမို႕,လ်ွပ္စစ္ပစၥည္းအေရာင္းဆိုင္,နိုင္လင္းေမာင္,20.142347,94.937043,9401570262,,,,,,
မေကြးတိုင္းေဒသႀကီး,မေကြးျမို႕,လ်ွပ္စစ္ပစၥည္းအေရာင္းဆိုင္,ထိုက္တန္,20.182931,94.872032,9401570262,,,,,,
မေကြးတိုင္းေဒသႀကီး,မေကြးျမို႕,လ်ွပ္စစ္ပစၥည္းအေရာင္းဆိုင္,ေဒၚလာ,20.150641,94.923381,,,,,,,
မေကြးတိုင္းေဒသႀကီး,မေကြးျမို႕,လ်ွပ္စစ္ပစၥည္းအေရာင္းဆိုင္,ျမတ္ကို,20.151051,94.920381,943152497,,,,,,
မေကြးတိုင္းေဒသႀကီး,ေခ်ာက္ျမို့,လ်ွပ္စစ္ပစၥည္းအေရာင္းဆိုင္,မင္းသူ,20.892922,94.815307,95042785,,,,,,
မေကြးတိုင္းေဒသႀကီး,ေခ်ာက္ျမို့,လ်ွပ္စစ္ပစၥည္းအေရာင္းဆိုင္,ျဖိုးသုခ,20.895002,94.817005,95177288,,,,,,
မေကြးတိုင္းေဒသႀကီး,ေခ်ာက္ျမို့,လ်ွပ္စစ္ပစၥည္းအေရာင္းဆိုင္,ဟိန္းထက္ေအာင္,20.899458,94.817802,9400462772,,,,,,
မေကြးတိုင္းေဒသႀကီး,ေခ်ာက္ျမို့,လ်ွပ္စစ္ပစၥည္းအေရာင္းဆိုင္,ခိုင္,20.893295,94.820917,943008346,,,,,,
မေကြးတိုင္းေဒသႀကီး,မင္းဘူးျမို႕,လ်ွပ္စစ္ပစၥည္းအေရာင္းဆိုင္,ေကအမ္ေက,20.181573,94.8751,9401636175,,,,,,
မေကြးတိုင္းေဒသႀကီး,မင္းဘူးျမို႕,လ်ွပ္စစ္ပစၥည္းအေရာင္းဆိုင္,ထိုက္တန္,20.171373,94.870212,9977273110,,,,,,
မေကြးတိုင္းေဒသႀကီး,မင္းဘူးျမို႕,လ်ွပ္စစ္ပစၥည္းအေရာင္းဆိုင္,ထိုက္တန္,20.182341,94.871472,9976437843,,,,,,
မေကြးတိုင္းေဒသႀကီး,ပြင့္ျဖူျမို့,လ်ွပ္စစ္ပစၥည္းအေရာင္းဆိုင္,ခ်မ္းျငိမ္း,20.365075,94.670793,9401572082,,,,,,
မေကြးတိုင္းေဒသႀကီး,ပခုကၠူျမို႕,လ်ွပ္စစ္ပစၥည္းအေရာင္းဆိုင္,ဖူဂ်ီ,21.336598,95.078478,9772221050,,,,,,
မေကြးတိုင္းေဒသႀကီး,ပခုကၠူျမို႕,လ်ွပ္စစ္ပစၥည္းအေရာင္းဆိုင္,ေတာ့ပ္,21.339871,95.08,9429325295,,,,,,
မေကြးတိုင္းေဒသႀကီး,ပခုကၠူျမို႕,လ်ွပ္စစ္ပစၥည္းအေရာင္းဆိုင္,ေရႊသီရိ,21.338703,95.088547,9250250756,,,,,,
မေကြးတိုင္းေဒသႀကီး,ပခုကၠူျမို႕,လ်ွပ္စစ္ပစၥည္းအေရာင္းဆိုင္,ေဇာ္မင္း,21.337214,95.099744,92302139,,,,,,
မေကြးတိုင္းေဒသႀကီး,ပခုကၠူျမို႕,လ်ွပ္စစ္ပစၥည္းအေရာင္းဆိုင္,ေဇာ္,21.335758,95.088895,,,,,,,
မေကြးတိုင္းေဒသႀကီး,ပခုကၠူျမို႕,လ်ွပ္စစ္ပစၥည္းအေရာင္းဆိုင္,ေရႊပိုင္,21.335276,95.078451,,,,,,,
မေကြးတိုင္းေဒသႀကီး,ပခုကၠူျမို႕,လ်ွပ္စစ္ပစၥည္းအေရာင္းဆိုင္,လႈိင္ဓန,21.335447,95.074351,9899981335,,,,,,
မေကြးတိုင္းေဒသႀကီး,ဆိပ္ျဖူျမို့,လ်ွပ္စစ္ပစၥည္းအေရာင္းဆိုင္,၀င္းမိုး,20.93751,94.788056,9783609969,,,,,,
မေကြးတိုင္းေဒသႀကီး,ျမိုင္ျမို႕,လ်ွပ္စစ္ပစၥည္းအေရာင္းဆိုင္,ရတနာ၀င္း,21.612988,94.853862,9790169699,,,,,,
မေကြးတိုင္းေဒသႀကီး,ျမိုင္ျမို႕,လ်ွပ္စစ္ပစၥည္းအေရာင္းဆိုင္,ႏွလံုးလွ,21.612765,94.854249,6240104,,,,,,
မေကြးတိုင္းေဒသႀကီး,ေပါက္ျမို့,လ်ွပ္စစ္ပစၥည္းအေရာင္းဆိုင္,ေရႊမင္းသား,21.449245,94.47445,,,,,,,
မေကြးတိုင္းေဒသႀကီး,ဂန့္ေဂါျမို႕,လ်ွပ္စစ္ပစၥည္းအေရာင္းဆိုင္,လင္းေရာင္ရွင္း,22.1625544,94.129565,9442001028,,,,,,
မေကြးတိုင္းေဒသႀကီး,ေအာင္လံျမို႕,လ်ွပ္စစ္ပစၥည္းအေရာင္းဆိုင္,စိန္ေဒၚလာ,19.368837,95.212196,,,,,,,
မေကြးတိုင္းေဒသႀကီး,ေအာင္လံျမို႕,လ်ွပ္စစ္ပစၥည္းအေရာင္းဆိုင္,ေဒၚလာ,19.375411,95.212112,,,,,,,
မေကြးတိုင္းေဒသႀကီး,ေအာင္လံျမို႕,လ်ွပ္စစ္ပစၥည္းအေရာင္းဆိုင္,သီရိေဂဟာ,19.372878,95.211703,69200217,,,,,,
မေကြးတိုင္းေဒသႀကီး,ေအာင္လံျမို႕,လ်ွပ္စစ္ပစၥည္းအေရာင္းဆိုင္,ဇိုင္နူေဇာ္လြင္,19.360279,95.21884,9256332786,,,,,,
မေကြးတိုင္းေဒသႀကီး,ေအာင္လံျမို႕,လ်ွပ္စစ္ပစၥည္းအေရာင္းဆိုင္,အိမ္ျဖူေတာ္,19.345461,95.217149,9260007311,,,,,,
မႏၱေလးတိုင္းေဒသႀကီး,ျပင္ဦးလြင္ျမိဳ ့,လ်ွပ္စစ္ပစၥည္းအေရာင္းဆိုင္,ေရႊသီဟ,21.972377,96.404366,09 790 160288,,,,,,
မႏၱေလးတိုင္းေဒသႀကီး,ျပင္ဦးလြင္ျမိဳ ့,လ်ွပ္စစ္ပစၥည္းအေရာင္းဆိုင္,ပိေတာက္၀ါ,22.026411,96.465553,085 224 56,,,,,,
မႏၱေလးတိုင္းေဒသႀကီး,ျပင္ဦးလြင္ျမိဳ ့,လ်ွပ္စစ္ပစၥည္းအေရာင္းဆိုင္,ေငြစႏၵာ,22.026479,96.465588,09 402 559 955,,,,,,
မႏၱေလးတိုင္းေဒသႀကီး,ျပင္ဦးလြင္ျမိဳ ့,လ်ွပ္စစ္ပစၥည္းအေရာင္းဆိုင္,အန္စတား,22.032576,96.470312,085 28366,,,,,,
မႏၱေလးတိုင္းေဒသႀကီး,ျပင္ဦးလြင္ျမိဳ ့,လ်ွပ္စစ္ပစၥည္းအေရာင္းဆိုင္,ေရႊလ၀င္း,22.028687,96.457472,09 964334882,,,,,,
မႏၱေလးတိုင္းေဒသႀကီး,ျပင္ဦးလြင္ျမိဳ ့,လ်ွပ္စစ္ပစၥည္းအေရာင္းဆိုင္,ဆုလာဒ္,21.984707,96.430699,09 798618382,,,,,,
မႏၱေလးတိုင္းေဒသႀကီး,ျပင္ဦးလြင္ျမိဳ ့,လ်ွပ္စစ္ပစၥည္းအေရာင္းဆိုင္,ေအာင္သရဖူ,21.894834,96.357801,,,,,,,
မႏၱေလးတိုင္းေဒသႀကီး,ျပင္ဦးလြင္ျမိဳ ့,လ်ွပ္စစ္ပစၥည္းအေရာင္းဆိုင္,ေငြဇင္ေယာ္,21.89368,96.35823,,,,,,,
မႏၱေလးတိုင္းေဒသႀကီး,ျပင္ဦးလြင္ျမိဳ ့,လ်ွပ္စစ္ပစၥည္းအေရာင္းဆိုင္,လိုက္တ္,22.033831,96.492717,09 40252 2387,,,,,,
မႏၱေလးတိုင္းေဒသႀကီး,ျပင္ဦးလြင္ျမိဳ ့,လ်ွပ္စစ္ပစၥည္းအေရာင္းဆိုင္,ထြန္းေတာက္ႀကယ္,22.032197,96.474656,09 256 113 381,,,,,,
မႏၱေလးတိုင္းေဒသႀကီး,ျပင္ဦးလြင္ျမိဳ ့,လ်ွပ္စစ္ပစၥည္းအေရာင္းဆိုင္,နက္ပြိဳင့္,22.038432,96.489816,09 961 178881,,,,,,
မႏၱေလးတိုင္းေဒသႀကီး,ျပင္ဦးလြင္ျမိဳ ့,လ်ွပ္စစ္ပစၥည္းအေရာင္းဆိုင္,စိုးကမာၻ,21.947242,96.397398,09 791 142354,,,,,,
မႏၱေလးတိုင္းေဒသႀကီး,ျပင္ဦးလြင္ျမိဳ ့,လ်ွပ္စစ္ပစၥည္းအေရာင္းဆိုင္,ဘိုဘိုရိုင္,22.074165,96.507831,09 777 701948,,,,,,
မႏၱေလးတိုင္းေဒသႀကီး,ျပင္ဦးလြင္ျမိဳ ့,လ်ွပ္စစ္ပစၥည္းအေရာင္းဆိုင္,စည္းလံုးမႈ,22.0286,96.464442,09 204 4451,,,,,,
မႏၱေလးတိုင္းေဒသႀကီး,ျပင္ဦးလြင္ျမိဳ ့,လ်ွပ္စစ္ပစၥည္းအေရာင္းဆိုင္,ထူး,21.896052,96.35849,09 970 868734,,,,,,
မႏၱေလးတိုင္းေဒသႀကီး,ျပင္ဦးလြင္ျမိဳ ့,လ်ွပ္စစ္ပစၥည္းအေရာင္းဆိုင္,ေက်ာ္,22.024795,96.46384,,,,,,,
မႏၱေလးတိုင္းေဒသႀကီး,ျပင္ဦးလြင္ျမိဳ ့,လ်ွပ္စစ္ပစၥည္းအေရာင္းဆိုင္,နွင္းဆီ,22.027638,96.464641,085 23 047,,,,,,
မႏၱေလးတိုင္းေဒသႀကီး,ျပင္ဦးလြင္ျမိဳ ့,လ်ွပ္စစ္ပစၥည္းအေရာင္းဆိုင္,ေရာင္ျပန္,22.026731,96.462829,09 785 232937,,,,,,
မႏၱေလးတိုင္းေဒသႀကီး,ျပင္ဦးလြင္ျမိဳ ့,ဓာတ္အားခြဲရံု,ေဒးမိသားစု,22.025745,96.467045,09 42228 4118,,,,,,
မႏၱေလးတိုင္းေဒသႀကီး,ျပင္ဦးလြင္ျမိဳ ့,လ်ွပ္စစ္ပစၥည္းျပဳျပင္ေရး,ေရာင္နီဦး,22.029952,96.495496,,,,,,,
မႏၱေလးတိုင္းေဒသႀကီး,ျပင္ဦးလြင္ျမိဳ ့,လ်ွပ္စစ္ပစၥည္းကုမၸဏီ,လူးစစ္,22.025089,96.488737,09 509 4247,,,,,,
မႏၱေလးတိုင္းေဒသႀကီး,ပုသိမ္ႀကီးျမိဳ ့,ဓာတ္အားခြဲရံု,လ်ွပ္စစ္နွင့္၀န္ႀကီးဌာန,22.002025,96.163391,,,,,,,
မႏၱေလးတိုင္းေဒသႀကီး,ပုသိမ္ႀကီးျမိဳ ့,လ်ွပ္စစ္ပစၥည္းအေရာင္းဆိုင္,စကိုင္း,21.99727,96.160293,09 44400 7448,,,,,,
မႏၱေလးတိုင္းေဒသႀကီး,ပုသိမ္ႀကီးျမိဳ ့,လ်ွပ္စစ္ပစၥည္းအေရာင္းဆိုင္,ရႈိင္း,21.989208,96.157333,09 696 933245,,,,,,
မႏၱေလးတိုင္းေဒသႀကီး,ပုသိမ္ႀကီးျမိဳ ့,လ်ွပ္စစ္ပစၥည္းအေရာင္းဆိုင္,ဟိန္း,21.989193,96.159544,09 40004 3213,,,,,,
မႏၱေလးတိုင္းေဒသႀကီး,ပုသိမ္ႀကီးျမိဳ ့,လ်ွပ္စစ္ပစၥည္းအေရာင္းဆိုင္,ပရိုအက္တစ္,21.991898,96.1582146,09 91023120,,,,,,
မႏၱေလးတိုင္းေဒသႀကီး,ပုသိမ္ႀကီးျမိဳ ့,လ်ွပ္စစ္ပစၥည္းအေရာင္းဆိုင္,ထိပ္တန္း,21.991172,96.158067,09 973 008228,,,,,,
မႏၱေလးတိုင္းေဒသႀကီး,ခ်မ္းျမသာစည္ျမိဳ ့,ျမိဳ ့နယ္လ်ွပ္စစ္အင္ဂ်င္နီယာရံုး,လ်ွပ္စစ္ရံုး,21.919308,96.131622,,,,,,,
မႏၱေလးတိုင္းေဒသႀကီး,ခ်မ္းျမသာစည္ျမိဳ ့,ျမိဳ ့နယ္လ်ွပ္စစ္အင္ဂ်င္နီယာရံုး,ခ်မ္းေျမ့သာစည္လ်ွပ္စစ္ရံုး,21.928696,96.11617,09 431 01787,,,,,,
မႏၱေလးတိုင္းေဒသႀကီး,ခ်မ္းျမသာစည္ျမိဳ ့,လ်ွပ္စစ္ပစၥည္းျပဳျပဳင္ေရး,ႀကည္္ခိုင္ထြန္း,21.936776,96.110197,09 44103 8155,,,,,,
မႏၱေလးတိုင္းေဒသႀကီး,ခ်မ္းျမသာစည္ျမိဳ ့,လ်ွပ္စစ္ပစၥည္းျပဳျပဳင္ေရး,လမင္းသာ,21.936924,96.104536,09 259 607 205,,,,,,
မႏၱေလးတိုင္းေဒသႀကီး,ခ်မ္းျမသာစည္ျမိဳ ့,လ်ွပ္စစ္ပစၥည္းျပဳျပဳင္ေရး,နီယြန္,21.934327,96.106246,09 978 501134,,,,,,
မႏၱေလးတိုင္းေဒသႀကီး,ခ်မ္းျမသာစည္ျမိဳ ့,လ်ွပ္စစ္ပစၥည္းအေရာင္းဆိုင္,ဆိုလာ,21.933187,96.109247,09 42680 2461,,,,,,
မႏၱေလးတိုင္းေဒသႀကီး,ခ်မ္းျမသာစည္ျမိဳ ့,လ်ွပ္စစ္ပစၥည္းအေရာင္းဆိုင္,သန္းထိုက္ေအာင္,21.900675,96.107935,09 261 337 559,,,,,,
မႏၱေလးတိုင္းေဒသႀကီး,ခ်မ္းျမသာစည္ျမိဳ ့,လ်ွပ္စစ္ပစၥည္းအေရာင္းဆိုင္,ဖိလစ္,21.950493,96.111139,09 44231 1169,,,,,,
မႏၱေလးတိုင္းေဒသႀကီး,ခ်မ္းျမသာစည္ျမိဳ ့,လ်ွပ္စစ္ပစၥည္းအေရာင္းဆိုင္,ရွိုင္းမြန္း,21.941089,96.106264,09 790 130187,,,,,,
မႏၱေလးတိုင္းေဒသႀကီး,ခ်မ္းျမသာစည္ျမိဳ ့,လ်ွပ္စစ္ပစၥည္းအေရာင္းဆိုင္,လင္းထက္လ်ွပ္စစ္,21.944786,96.076779,09 42025 3253,,,,,,
မႏၱေလးတိုင္းေဒသႀကီး,ခ်မ္းျမသာစည္ျမိဳ ့,လ်ွပ္စစ္ပစၥည္းအေရာင္းဆိုင္,ဂရင္းလ်ွပ္စစ္,21.941761,96.133738,09 765 406747,,,,,,
မႏၱေလးတိုင္းေဒသႀကီး,ခ်မ္းျမသာစည္ျမိဳ ့,လ်ွပ္စစ္ပစၥည္းအေရာင္းဆိုင္,ခိုင္ေရႊ၀ါ,21.934884,96.10917,09 263 120 005,,,,,,
မႏၱေလးတိုင္းေဒသႀကီး,ခ်မ္းျမသာစည္ျမိဳ ့,လ်ွပ္စစ္ပစၥည္းအေရာင္းဆိုင္,မ်ိဳးသိန္း,21.942637,96.09311,02 200 0075,,,,,,
မႏၱေလးတိုင္းေဒသႀကီး,ခ်မ္းျမသာစည္ျမိဳ ့,လ်ွပ္စစ္ပစၥည္းအေရာင္းဆိုင္,ေအာင္,21.933138,96.108859,02 82 082,,,,,,
မႏၱေလးတိုင္းေဒသႀကီး,ခ်မ္းျမသာစည္ျမိဳ ့,လ်ွပ္စစ္ပစၥည္းအေရာင္းဆိုင္,ေတာ့လိုက္,21.927501,96.112191,09 44102 0038,,,,,,
မႏၱေလးတိုင္းေဒသႀကီး,ခ်မ္းျမသာစည္ျမိဳ ့,လ်ွပ္စစ္ပစၥည္းအေရာင္းဆိုင္,ကုိခင္ေဇာ္,21.933121,96.109928,02 80 764,,,,,,
မႏၱေလးတိုင္းေဒသႀကီး,ခ်မ္းျမသာစည္ျမိဳ ့,လ်ွပ္စစ္ပစၥည္းအေရာင္းဆိုင္,ခင္ဦးကမၻာကုမၸဏီ,21.933142,96.10881,02 82 082,,,,,,
မႏၱေလးတိုင္းေဒသႀကီး,ခ်မ္းျမသာစည္ျမိဳ ့,လ်ွပ္စစ္ပစၥည္းအေရာင္းဆိုင္,လက္ခ်္မီး,21.931321,96.107913,,,,,,,
မႏၱေလးတိုင္းေဒသႀကီး,ခ်မ္းျမသာစည္ျမိဳ ့,လ်ွပ္စစ္ပစၥည္းအေရာင္းဆိုင္,ေရာင္ျခည္သစ္,21.922068,96.123538,,,,,,,
မႏၱေလးတိုင္းေဒသႀကီး,ခ်မ္းျမသာစည္ျမိဳ ့,လ်ွပ္စစ္ပစၥည္းအေရာင္းဆိုင္,ရႈိင္း,21.920878,96.12326,09 40365 5696,,,,,,
မႏၱေလးတိုင္းေဒသႀကီး,ခ်မ္းျမသာစည္ျမိဳ ့,လ်ွပ္စစ္ပစၥည္းအေရာင္းဆိုင္,ေမာ္ဒန္,21.923404,96.12186,09 798 655330,,,,,,
မႏၱေလးတိုင္းေဒသႀကီး,ခ်မ္းျမသာစည္ျမိဳ ့,လ်ွပ္စစ္ပစၥည္းအေရာင္းဆိုင္,နဂါး၂,21.938602,96.09758,09 767 677102,,,,,,
မႏၱေလးတိုင္းေဒသႀကီး,ခ်မ္းျမသာစည္ျမိဳ ့,လ်ွပ္စစ္ပစၥည္းအေရာင္းဆိုင္,တကၠဳမုန,21.944125,96.076735,09 767 665368,,,,,,
မႏၱေလးတိုင္းေဒသႀကီး,ခ်မ္းျမသာစည္ျမိဳ ့,လ်ွပ္စစ္ပစၥည္းအေရာင္းဆိုင္,ေကာင္းမင္း,21.943314,96.074799,09 431 00908,,,,,,
မႏၱေလးတိုင္းေဒသႀကီး,ခ်မ္းျမသာစည္ျမိဳ ့,လ်ွပ္စစ္ပစၥည္းအေရာင္းဆိုင္,မိုးျမင့္စံ,21.94366,96.084851,09 44870 0870,,,,,,
မႏၱေလးတိုင္းေဒသႀကီး,ခ်မ္းျမသာစည္ျမိဳ ့,လ်ွပ္စစ္ပစၥည္းအေရာင္းဆိုင္,နီရြန္အလင္း,21.946049,96.085604,09 257 205 111,,,,,,
မႏၱေလးတိုင္းေဒသႀကီး,ခ်မ္းျမသာစည္ျမိဳ ့,လ်ွပ္စစ္ပစၥည္းအေရာင္းဆိုင္,စိမ္းနုေ၀,21.953376,96.085512,09 256 119 176,,,,,,
မႏၱေလးတိုင္းေဒသႀကီး,ခ်မ္းျမသာစည္ျမိဳ ့,လ်ွပ္စစ္ပစၥည္းအေရာင္းဆိုင္,စိုးစိုး,21.939281,96.098886,09 44420 6604,,,,,,
မႏၱေလးတိုင္းေဒသႀကီး,ခ်မ္းျမသာစည္ျမိဳ ့,လ်ွပ္စစ္ပစၥည္းအေရာင္းဆိုင္,ကိုရဲ,21.928729,96.10794,09 259 023 764,,,,,,
မႏၱေလးတိုင္းေဒသႀကီး,ခ်မ္းျမသာစည္ျမိဳ ့,လ်ွပ္စစ္ပစၥည္းအေရာင္းဆိုင္,အေမ့အိမ္,21.9302,96.071665,09 40257 1255,,,,,,
မႏၱေလးတိုင္းေဒသႀကီး,ခ်မ္းျမသာစည္ျမိဳ ့,လ်ွပ္စစ္ပစၥည္းအေရာင္းဆိုင္,စကိုင္း,21.919761,96.130852,,,,,,,
မႏၱေလးတိုင္းေဒသႀကီး,ခ်မ္းျမသာစည္ျမိဳ ့,လ်ွပ္စစ္ပစၥည္းအေရာင္းဆိုင္,မႏၱလာ,21.946319,96.085823,09 430 62951,,,,,,
မႏၱေလးတိုင္းေဒသႀကီး,ခ်မ္းျမသာစည္ျမိဳ ့,လ်ွပ္စစ္ပစၥည္းအေရာင္းဆိုင္,နစ္ဘန္း,21.912929,96.110388,09 44259 9919,,,,,,
မႏၱေလးတိုင္းေဒသႀကီး,ခ်မ္းျမသာစည္ျမိဳ ့,လ်ွပ္စစ္ပစၥည္းအေရာင္းဆိုင္,ေရႊျမင့္မိုရ္,21.947749,96.123918,09 259 471 747,,,,,,
မႏၱေလးတိုင္းေဒသႀကီး,ခ်မ္းျမသာစည္ျမိဳ ့,လ်ွပ္စစ္ပစၥည္းအေရာင္းဆိုင္,ပုတံုမိသားစု,21.946703,96.121283,09 977 345956,,,,,,
မႏၱေလးတိုင္းေဒသႀကီး,ခ်မ္းျမသာစည္ျမိဳ ့,လ်ွပ္စစ္ပစၥည္းအေရာင္းဆိုင္,ေအ ေက တီ,21.932676,96.133518,09 259 063 564,,,,,,
မႏၱေလးတိုင္းေဒသႀကီး,ခ်မ္းျမသာစည္ျမိဳ ့,လ်ွပ္စစ္ပစၥည္းအေရာင္းဆိုင္,လင္း,21.945195,96.07872,09 40251 0400,,,,,,
မႏၱေလးတိုင္းေဒသႀကီး,ခ်မ္းျမသာစည္ျမိဳ ့,လ်ွပ္စစ္ပစၥည္းအေရာင္းဆိုင္,ေငြစိုးလင္း,21.979947,96.076831,09 974 418118,,,,,,
မႏၱေလးတိုင္းေဒသႀကီး,ခ်မ္းျမသာစည္ျမိဳ ့,လ်ွပ္စစ္ပစၥည္းအေရာင္းဆိုင္,ကိုခင္ေဇာ္ဆုိင္ခြဲ၂,21.932765,96.123941,02 81 824,,,,,,
မႏၱေလးတိုင္းေဒသႀကီး,ခ်မ္းျမသာစည္ျမိဳ ့,လ်ွပ္စစ္ပစၥည္းအေရာင္းဆိုင္,ေငြႀကယ္ျဖဴ,21.940393,96.107847,09 45829 7855,,,,,,
မႏၱေလးတိုင္းေဒသႀကီး,ခ်မ္းျမသာစည္ျမိဳ ့,လ်ွပ္စစ္ပစၥည္းအေရာင္းဆိုင္,အလင္းအိမ္,21.931496,96.110772,02 82 001,,,,,,
မႏၱေလးတိုင္းေဒသႀကီး,ခ်မ္းျမသာစည္ျမိဳ ့,လ်ွပ္စစ္ပစၥည္းအေရာင္းဆိုင္,စြမ္းအား,21.931321,96.110724,09 964 035034,,,,,,
မႏၱေလးတိုင္းေဒသႀကီး,ခ်မ္းျမသာစည္ျမိဳ ့,လ်ွပ္စစ္ပစၥည္းအေရာင္းဆိုင္,စူပါေတာ့,21.929292,96.110254,09 979 731186,,,,,,
မႏၱေလးတိုင္းေဒသႀကီး,ခ်မ္းျမသာစည္ျမိဳ ့,လ်ွပ္စစ္ပစၥည္းအေရာင္းဆိုင္,ႀကည္္ခိုင္ထြန္း,21.936776,96.110197,09 44103 8155,,,,,,
မႏၱေလးတိုင္းေဒသႀကီး,ခ်မ္းျမသာစည္ျမိဳ ့,လ်ွပ္စစ္ပစၥည္းအေရာင္းဆိုင္,မာလ္တီသန္းဦး,21.933189,96.109207,02 403 4753,,,,,,
မႏၱေလးတိုင္းေဒသႀကီး,ခ်မ္းျမသာစည္ျမိဳ ့,လ်ွပ္စစ္ပစၥည္းအေရာင္းဆိုင္,စကိုင္းမိုး,21.934456,96.105787,09 431 53000,,,,,,
မႏၱေလးတိုင္းေဒသႀကီး,ခ်မ္းျမသာစည္ျမိဳ ့,လ်ွပ္စစ္ပစၥည္းအေရာင္းဆိုင္,လိုင္းရြန္း,21.923614,96.094916,09 202 0355,,,,,,
မႏၱေလးတိုင္းေဒသႀကီး,ခ်မ္းျမသာစည္ျမိဳ ့,လ်ွပ္စစ္ပစၥည္းအေရာင္းဆိုင္,ျပည့္ရွင္,21.939211,96.103802,09 787 878805,,,,,,
မႏၱေလးတိုင္းေဒသႀကီး,ခ်မ္းျမသာစည္ျမိဳ ့,လ်ွပ္စစ္ပစၥည္းအေရာင္းဆိုင္,မဂၤလာမႏၱေလး,21.94175,96.092618,,,,,,,
မႏၱေလးတိုင္းေဒသႀကီး,ခ်မ္းေအးသာဇံျမိဳ ့,လ်ွပ္စစ္ပစၥည္းအေရာင္းဆိုင္,ခင္ေမာင္ညႊန့္ ထရိတ္ဒီး,21.982775,96.085899,02 406 8423,,,,,,
မႏၱေလးတိုင္းေဒသႀကီး,ခ်မ္းေအးသာဇံျမိဳ ့,လ်ွပ္စစ္ဓာတ္အားျဖန့္ျဖဴးေရး,၀ါခင္ကုန္း,21.969479,96.121401,02 77 330,,,,,,
မႏၱေလးတိုင္းေဒသႀကီး,ခ်မ္းေအးသာဇံျမိဳ ့,လ်ွပ္စစ္ပစၥည္းျပဳျပင္ေရး,၈၁လ်ွပ္စစ္,21.973774,96.089002,09 789 818181,,,,,,
မႏၱေလးတိုင္းေဒသႀကီး,ခ်မ္းေအးသာဇံျမိဳ ့,လ်ွပ္စစ္ပစၥည္းျပဳျပင္ေရး,လုပ္သား,21.983169,96.07918,09 431 56112,,,,,,
မႏၱေလးတိုင္းေဒသႀကီး,ခ်မ္းေအးသာဇံျမိဳ ့,လ်ွပ္စစ္ပစၥည္းျပဳျပင္ေရး,ဇက္အီးပီ,21.97672,96.079271,09 910 53283,,,,,,
မႏၱေလးတိုင္းေဒသႀကီး,ခ်မ္းေအးသာဇံျမိဳ ့,လ်ွပ္စစ္ပစၥည္းျပဳျပင္ေရး,ဒရင္း,21.978994,96.07984,09 40260 1385,,,,,,
မႏၱေလးတိုင္းေဒသႀကီး,ခ်မ္းေအးသာဇံျမိဳ ့,လ်ွပ္စစ္ပစၥည္းျပဳျပင္ေရး,ဇက္အီးပီ,21.97672,96.079271,09 910 53283,,,,,,
မႏၱေလးတိုင္းေဒသႀကီး,ခ်မ္းေအးသာဇံျမိဳ ့,လ်ွပ္စစ္ပစၥည္းအေရာင္းဆိုင္,ဇာနီ,21.959956,96.077006,02 68 133,,,,,,
မႏၱေလးတိုင္းေဒသႀကီး,ခ်မ္းေအးသာဇံျမိဳ ့,လ်ွပ္စစ္ပစၥည္းအေရာင္းဆိုင္,တက္ကနိုလန္း,21.96232,96.085741,09 976 018386,,,,,,
မႏၱေလးတိုင္းေဒသႀကီး,ခ်မ္းေအးသာဇံျမိဳ ့,လ်ွပ္စစ္ပစၥည္းအေရာင္းဆိုင္,တိုရွီဘာ,21.982855,96.084191,02 402 4760,,,,,,
မႏၱေလးတိုင္းေဒသႀကီး,ခ်မ္းေအးသာဇံျမိဳ ့,လ်ွပ္စစ္ပစၥည္းအေရာင္းဆိုင္,ကိုနိုင္နိုင္နွင့္ညီမ်ား,21.979958,96.079066,02 64 424,,,,,,
မႏၱေလးတိုင္းေဒသႀကီး,ခ်မ္းေအးသာဇံျမိဳ ့,လ်ွပ္စစ္ပစၥည္းအေရာင္းဆိုင္,ကာဓီယာလိုက္,21.982423,96.082852,02 36 242,,,,,,
မႏၱေလးတိုင္းေဒသႀကီး,ခ်မ္းေအးသာဇံျမိဳ ့,လ်ွပ္စစ္ပစၥည္းအေရာင္းဆိုင္,ထြန္းလင္းေအာင္,21.974889,96.088211, ,,,,,,
မႏၱေလးတိုင္းေဒသႀကီး,ခ်မ္းေအးသာဇံျမိဳ ့,လ်ွပ္စစ္ပစၥည္းအေရာင္းဆိုင္,ဗီအက္စ္ေကအင္တာေနရွင္နယ္,21.974351,96.088145,09 45718 6031,,,,,,
မႏၱေလးတိုင္းေဒသႀကီး,ခ်မ္းေအးသာဇံျမိဳ ့,လ်ွပ္စစ္ပစၥည္းအေရာင္းဆိုင္,ေရႊလင္းေရာင္,21.977816,96.078963,02 64 381,,,,,,
မႏၱေလးတိုင္းေဒသႀကီး,ခ်မ္းေအးသာဇံျမိဳ ့,လ်ွပ္စစ္ပစၥည္းအေရာင္းဆိုင္,လင္းလင္းနိုင္,21.981563,96.07784,09 790 132841,,,,,,
မႏၱေလးတိုင္းေဒသႀကီး,ခ်မ္းေအးသာဇံျမိဳ ့,လ်ွပ္စစ္ပစၥည္းအေရာင္းဆိုင္,ဖာဖယ္လာ,21.970893,96.086192,09 788 914814,,,,,,
မႏၱေလးတိုင္းေဒသႀကီး,ခ်မ္းေအးသာဇံျမိဳ ့,လ်ွပ္စစ္ပစၥည္းအေရာင္းဆိုင္,အီလက္ထရိုလက္,21.971074,96.086312,02 72 575,,,,,,
မႏၱေလးတိုင္းေဒသႀကီး,ခ်မ္းေအးသာဇံျမိဳ ့,လ်ွပ္စစ္ပစၥည္းအေရာင္းဆိုင္,ဟိန္းဖ,21.971458,96.087011,09 976 980506,,,,,,
မႏၱေလးတိုင္းေဒသႀကီး,ခ်မ္းေအးသာဇံျမိဳ ့,လ်ွပ္စစ္ပစၥည္းအေရာင္းဆိုင္,သိန္းညႊန့္,21.920727,96.089984,02 23 376,,,,,,
မႏၱေလးတိုင္းေဒသႀကီး,ခ်မ္းေအးသာဇံျမိဳ ့,လ်ွပ္စစ္ပစၥည္းအေရာင္းဆိုင္,အီးစီးတီးစကြဲ,21.969454,96.090283,09 910 13461,,,,,,
မႏၱေလးတိုင္းေဒသႀကီး,ခ်မ္းေအးသာဇံျမိဳ ့,လ်ွပ္စစ္ပစၥည္းအေရာင္းဆိုင္,မ်ိဳးသိန္းလ်ွပ္စစ္,21.978769,96.079086,02 406 7175,,,,,,
မႏၱေလးတိုင္းေဒသႀကီး,ခ်မ္းေအးသာဇံျမိဳ ့,လ်ွပ္စစ္ပစၥည္းအေရာင္းဆိုင္,မ်ိဳးသိန္း,21.97851,96.079075,02 403 5332,,,,,,
မႏၱေလးတိုင္းေဒသႀကီး,ခ်မ္းေအးသာဇံျမိဳ ့,လ်ွပ္စစ္ပစၥည္းအေရာင္းဆိုင္,ဟက္ပီးေဆး,21.980231,96.079643,09 45597 7515,,,,,,
မႏၱေလးတိုင္းေဒသႀကီး,ခ်မ္းေအးသာဇံျမိဳ ့,လ်ွပ္စစ္ပစၥည္းအေရာင္းဆိုင္,အိုမီဂါ,21.979821,96.079085,09 534 0711,,,,,,
မႏၱေလးတိုင္းေဒသႀကီး,ခ်မ္းေအးသာဇံျမိဳ ့,လ်ွပ္စစ္ပစၥည္းအေရာင္းဆိုင္,ဆားကစ္ေ၀ါလ်ွပ္စစ္,21.979551,96.079054,02 402 1839,,,,,,
မႏၱေလးတိုင္းေဒသႀကီး,ခ်မ္းေအးသာဇံျမိဳ ့,လ်ွပ္စစ္ပစၥည္းအေရာင္းဆိုင္,ေအာင္တံခြန္,21.978457,96.079394,09 777 772757,,,,,,
မႏၱေလးတိုင္းေဒသႀကီး,ခ်မ္းေအးသာဇံျမိဳ ့,လ်ွပ္စစ္ပစၥည္းအေရာင္းဆိုင္,ေမာင္ေမာင္မွန္ဆိုင္(လားရွိဳး),21.980064,96.07944,02 35 703,,,,,,
မႏၱေလးတိုင္းေဒသႀကီး,ခ်မ္းေအးသာဇံျမိဳ ့,လ်ွပ္စစ္ပစၥည္းအေရာင္းဆိုင္,ကိုထြန္းထြန္းမေခ်ာစုအီလက္ထေရာနစ္,21.981728,96.079228,,,,,,,
မႏၱေလးတိုင္းေဒသႀကီး,ခ်မ္းေအးသာဇံျမိဳ ့,လ်ွပ္စစ္ပစၥည္းအေရာင္းဆိုင္,ပါ၀ါ,21.982579,96.078712,09 202 1915,,,,,,
မႏၱေလးတိုင္းေဒသႀကီး,ခ်မ္းေအးသာဇံျမိဳ ့,လ်ွပ္စစ္ပစၥည္းအေရာင္းဆိုင္,အိတ္ခ်္ဟာစံ,21.983245,96.07932,09 203 1784,,,,,,
မႏၱေလးတိုင္းေဒသႀကီး,ခ်မ္းေအးသာဇံျမိဳ ့,လ်ွပ္စစ္ပစၥည္းအေရာင္းဆိုင္,ဗႏၵာပင္ကိုေလး,21.984128,96.079314,02 406 0463,,,,,,
မႏၱေလးတိုင္းေဒသႀကီး,ခ်မ္းေအးသာဇံျမိဳ ့,လ်ွပ္စစ္ပစၥည္းအေရာင္းဆိုင္,ေရႊ၀ါ၀င္း,21.982707,96.07835,09 44402 3558,,,,,,
မႏၱေလးတိုင္းေဒသႀကီး,ခ်မ္းေအးသာဇံျမိဳ ့,လ်ွပ္စစ္ပစၥည္းအေရာင္းဆိုင္,ေခါင္းေဆာင္,21.98366,96.078751,09 40254 0745,,,,,,
မႏၱေလးတိုင္းေဒသႀကီး,ခ်မ္းေအးသာဇံျမိဳ ့,လ်ွပ္စစ္ပစၥည္းအေရာင္းဆိုင္,ေမာင္ျမင့္ေအး,22,96.079237,02 32 321,,,,,,
မႏၱေလးတိုင္းေဒသႀကီး,ခ်မ္းေအးသာဇံျမိဳ ့,လ်ွပ္စစ္ပစၥည္းအေရာင္းဆိုင္,ေငြႀကားတိုက္,21.983162,96.07905,,,,,,,
မႏၱေလးတိုင္းေဒသႀကီး,ခ်မ္းေအးသာဇံျမိဳ ့,လ်ွပ္စစ္ပစၥည္းအေရာင္းဆိုင္,အာရွ,21.981945,96.078132,09 430 02119,,,,,,
မႏၱေလးတိုင္းေဒသႀကီး,ခ်မ္းေအးသာဇံျမိဳ ့,လ်ွပ္စစ္ပစၥည္းအေရာင္းဆိုင္,ဂရိတ္ေ၀ါ,21.982673,96.077909,09 204 4322,,,,,,
မႏၱေလးတိုင္းေဒသႀကီး,ခ်မ္းေအးသာဇံျမိဳ ့,လ်ွပ္စစ္ပစၥည္းအေရာင္းဆိုင္,ပနစိုးနစ္,21.967428,96.08612,02 60 488,,,,,,
မႏၱေလးတိုင္းေဒသႀကီး,ခ်မ္းေအးသာဇံျမိဳ ့,လ်ွပ္စစ္ပစၥည္းအေရာင္းဆိုင္,ပနစိုးနစ္ျပခန္း,21.973625,96.087985,02 60 488,,,,,,
မႏၱေလးတိုင္းေဒသႀကီး,ခ်မ္းေအးသာဇံျမိဳ ့,လ်ွပ္စစ္ပစၥည္းအေရာင္းဆိုင္,၈၁လ်ွပ္စစ္,21.973774,96.089002,09 789 818181,,,,,,
မႏၱေလးတိုင္းေဒသႀကီး,ခ်မ္းေအးသာဇံျမိဳ ့,လ်ွပ္စစ္ပစၥည္းအေရာင္းဆိုင္,မီဒီယာျပခန္း,21.974272,96.088267,09 45718 5967,,,,,,
မႏၱေလးတိုင္းေဒသႀကီး,ခ်မ္းေအးသာဇံျမိဳ ့,လ်ွပ္စစ္ပစၥည္းအေရာင္းဆိုင္,ဟုမ္းအိတ္,21.974956,96.077031,02 406 8877,,,,,,
မႏၱေလးတိုင္းေဒသႀကီး,ခ်မ္းေအးသာဇံျမိဳ ့,လ်ွပ္စစ္ပစၥည္းအေရာင္းဆိုင္,ေ၀ယံလ်ွပ္စစ္,21.976966,96.080454,09 951 829907,,,,,,
မႏၱေလးတိုင္းေဒသႀကီး,ခ်မ္းေအးသာဇံျမိဳ ့,လ်ွပ္စစ္ပစၥည္းအေရာင္းဆိုင္,၀ွမ္သက္မႀကဴ,21.979127,96.0791,09 789 320023,,,,,,
မႏၱေလးတိုင္းေဒသႀကီး,ခ်မ္းေအးသာဇံျမိဳ ့,လ်ွပ္စစ္ပစၥည္းအေရာင္းဆိုင္,ေအာင္ေအာင္,21.97916,96.079394,02 23 780,,,,,,
မႏၱေလးတိုင္းေဒသႀကီး,ခ်မ္းေအးသာဇံျမိဳ ့,လ်ွပ္စစ္ပစၥည္းအေရာင္းဆိုင္,စိန္ဘရားသား,21.97935,96.079025,09 40259 9319,,,,,,
မႏၱေလးတိုင္းေဒသႀကီး,ခ်မ္းေအးသာဇံျမိဳ ့,လ်ွပ္စစ္ပစၥည္းအေရာင္းဆိုင္,ခိုင္၀င္း,21.971055,96.082143,02 407 2535,,,,,,
မႏၱေလးတိုင္းေဒသႀကီး,ခ်မ္းေအးသာဇံျမိဳ ့,လ်ွပ္စစ္ပစၥည္းအေရာင္းဆိုင္,ယူနိုက္တက္လ်ွပ္စစ္,21.970058,96.080902,09 202 2083,,,,,,
မႏၱေလးတိုင္းေဒသႀကီး,ခ်မ္းေအးသာဇံျမိဳ ့,လ်ွပ္စစ္ပစၥည္းအေရာင္းဆိုင္,ဗစ္ရွင္မက္ကုမၸဏီ,21.969262,96.081062,02 402 2860,,,,,,
မႏၱေလးတိုင္းေဒသႀကီး,ခ်မ္းေအးသာဇံျမိဳ ့,လ်ွပ္စစ္ပစၥည္းအေရာင္းဆိုင္,က်င္းလံုျမန္မာ,21.968424,96.080444,02 35 001,,,,,,
မႏၱေလးတိုင္းေဒသႀကီး,ခ်မ္းေအးသာဇံျမိဳ ့,လ်ွပ္စစ္ပစၥည္းအေရာင္းဆိုင္,ေဌးကမၻာ,21.983238,96.07978,02 406 6095,,,,,,
မႏၱေလးတိုင္းေဒသႀကီး,ခ်မ္းေအးသာဇံျမိဳ ့,လ်ွပ္စစ္ပစၥည္းအေရာင္းဆိုင္,စီးတီးလိုက္,21.983304,96.079328,02 403 4951,,,,,,
မႏၱေလးတိုင္းေဒသႀကီး,ခ်မ္းေအးသာဇံျမိဳ ့,လ်ွပ္စစ္ပစၥည္းအေရာင္းဆိုင္,နဒီလြင္,21.98328,96.079218,02 406 9476,,,,,,
မႏၱေလးတိုင္းေဒသႀကီး,ခ်မ္းေအးသာဇံျမိဳ ့,လ်ွပ္စစ္ပစၥည္းအေရာင္းဆိုင္,ပါ၀ဲ,21.972038,96.083544,09 797 389505,,,,,,
မႏၱေလးတိုင္းေဒသႀကီး,ခ်မ္းေအးသာဇံျမိဳ ့,လ်ွပ္စစ္ပစၥည္းအေရာင္းဆိုင္,စုလ်ွပ္စစ္,21.970866,96.06373,09 40269 2483,,,,,,
မႏၱေလးတိုင္းေဒသႀကီး,ခ်မ္းေအးသာဇံျမိဳ ့,လ်ွပ္စစ္ပစၥည္းအေရာင္းဆိုင္,မ်ိဳးလ်ွပ္စစ္,21.971506,96.066822,02 409 9876,,,,,,
မႏၱေလးတိုင္းေဒသႀကီး,ခ်မ္းေအးသာဇံျမိဳ ့,လ်ွပ္စစ္ပစၥည္းအေရာင္းဆိုင္,အိုင္အီး,21.970951,96.078061,09 975 160578,,,,,,
မႏၱေလးတိုင္းေဒသႀကီး,ခ်မ္းေအးသာဇံျမိဳ ့,လ်ွပ္စစ္ပစၥည္းအေရာင္းဆိုင္,အိန္ဂ်ယ္,21.970594,96.091076,09 44403 1620,,,,,,
မႏၱေလးတိုင္းေဒသႀကီး,ခ်မ္းေအးသာဇံျမိဳ ့,လ်ွပ္စစ္ပစၥည္းအေရာင္းဆိုင္,ပိေတာက္၀ါ,21.983575,96.078862,09 201 6538,,,,,,
မႏၱေလးတိုင္းေဒသႀကီး,ခ်မ္းေအးသာဇံျမိဳ ့,လ်ွပ္စစ္ပစၥည္းအေရာင္းဆိုင္,စည္သူ,21.983634,96.079289,02 403 1378,,,,,,
မႏၱေလးတိုင္းေဒသႀကီး,ခ်မ္းေအးသာဇံျမိဳ ့,လ်ွပ္စစ္ပစၥည္းအေရာင္းဆိုင္,ႀကယ္စင္ျဖိဳး,21.972711,96.074559,09 960 880880,,,,,,
မႏၱေလးတိုင္းေဒသႀကီး,ခ်မ္းေအးသာဇံျမိဳ ့,လ်ွပ္စစ္ပစၥည္းအေရာင္းဆိုင္,သိန္းသန္း,21.975726,96.06555,09 40188 8900,,,,,,
မႏၱေလးတိုင္းေဒသႀကီး,ခ်မ္းေအးသာဇံျမိဳ ့,လ်ွပ္စစ္ပစၥည္းအေရာင္းဆိုင္,ေရႊႏွင္းဆီ,21.976044,96.071547,09 792 050342,,,,,,
မႏၱေလးတိုင္းေဒသႀကီး,ခ်မ္းေအးသာဇံျမိဳ ့,လ်ွပ္စစ္ပစၥည္းအေရာင္းဆိုင္,နီလာ,21.978526,96.063941,09 783 099820,,,,,,
မႏၱေလးတိုင္းေဒသႀကီး,ခ်မ္းေအးသာဇံျမိဳ ့,လ်ွပ္စစ္ပစၥည္းအေရာင္းဆိုင္,ေကာင္းသန့္သာ,21.977111,96.066341,09 44463 8843,,,,,,
မႏၱေလးတိုင္းေဒသႀကီး,ခ်မ္းေအးသာဇံျမိဳ ့,လ်ွပ္စစ္ပစၥည္းအေရာင္းဆိုင္,ပါ၀ါလိုက္,21.974222,96.077116,,,,,,,
မႏၱေလးတိုင္းေဒသႀကီး,ခ်မ္းေအးသာဇံျမိဳ ့,လ်ွပ္စစ္ပစၥည္းအေရာင္းဆိုင္,ေအာင္ႀကယ္စင္,21.972848,96.098125,02 22 323,,,,,,
မႏၱေလးတိုင္းေဒသႀကီး,ခ်မ္းေအးသာဇံျမိဳ ့,လ်ွပ္စစ္ပစၥည္းအေရာင္းဆိုင္,ဖိုးတန္္လ်ွပ္စစ္,21.980385,96.081716,09 965 028615,,,,,,
မႏၱေလးတိုင္းေဒသႀကီး,ခ်မ္းေအးသာဇံျမိဳ ့,လ်ွပ္စစ္ပစၥည္းအေရာင္းဆိုင္,ဂလုပ္,21.980161,96.081262,02 403 3650,,,,,,
မႏၱေလးတိုင္းေဒသႀကီး,ခ်မ္းေအးသာဇံျမိဳ ့,လ်ွပ္စစ္ပစၥည္းအေရာင္းဆိုင္,ဒရင္း,21.978994,96.07984,09 40260 1385,,,,,,
မႏၱေလးတိုင္းေဒသႀကီး,ခ်မ္းေအးသာဇံျမိဳ ့,လ်ွပ္စစ္ပစၥည္းအေရာင္းဆိုင္,စမ္းလိုက္,21.970726,96.099941,09 256 248 580,,,,,,
မႏၱေလးတိုင္းေဒသႀကီး,ခ်မ္းေအးသာဇံျမိဳ ့,လ်ွပ္စစ္ပစၥည္းအေရာင္းဆိုင္,မစ္စုဘစ္ရွိ,21.955036,96.113512,09 42171 6037,,,,,,
မႏၱေလးတိုင္းေဒသႀကီး,ခ်မ္းေအးသာဇံျမိဳ ့,လ်ွပ္စစ္ပစၥည္းအေရာင္းဆိုင္,ပီတီလ်ွပ္စစ္,21.983092,96.079266,09 431 45646,,,,,,
မႏၱေလးတိုင္းေဒသႀကီး,ခ်မ္းေအးသာဇံျမိဳ ့,လ်ွပ္စစ္ပစၥည္းအေရာင္းဆိုင္,စတားလိုက္,21.983257,96.079808,02 73 749,,,,,,
မႏၱေလးတိုင္းေဒသႀကီး,ခ်မ္းေအးသာဇံျမိဳ ့,လ်ွပ္စစ္ပစၥည္းအေရာင္းဆိုင္,ပါ၀ဲဟိုးဒင္း,21.976729,96.078825,02 24 841,,,,,,
မႏၱေလးတိုင္းေဒသႀကီး,ခ်မ္းေအးသာဇံျမိဳ ့,လ်ွပ္စစ္ပစၥည္းအေရာင္းဆိုင္,ဂ်န္း,21.977588,96.079003,02 407 2534,,,,,,
မႏၱေလးတိုင္းေဒသႀကီး,ခ်မ္းေအးသာဇံျမိဳ ့,လ်ွပ္စစ္ပစၥည္းအေရာင္းဆိုင္,တီဇက္အီး,21.977759,96.079229,09 898 849562,,,,,,
မႏၱေလးတိုင္းေဒသႀကီး,ခ်မ္းေအးသာဇံျမိဳ ့,လ်ွပ္စစ္ပစၥည္းအေရာင္းဆိုင္,ေရႊလ၀င္း,21.977615,96.078058,02 406 0041,,,,,,
မႏၱေလးတိုင္းေဒသႀကီး,ခ်မ္းေအးသာဇံျမိဳ ့,လ်ွပ္စစ္ပစၥည္းအေရာင္းဆိုင္,ျမန္မာနယူးပါ၀ါကုမၸဏီ,21.895624,96.094402,09 40251 0661,,,,,,
မႏၱေလးတိုင္းေဒသႀကီး,ျပည္ႀကီးတံခြန္ျမိဳ့,ျမိဳ႕နယ္လ်ွပ္စစ္အင္ဂ်င္နီယာရံုး,လ်ွပ္စစ္ႏွင့္စြမ္းအင္၀န္ႀကီးဌာန,21.899324,96.103677,02 515 3500,,,,,,
မႏၱေလးတိုင္းေဒသႀကီး,ျပည္ႀကီးတံခြန္ျမိဳ့,ဓာတ္အားခြဲရံု,ပစိဖိတ္လ်ွပ္စစ္ျဖန့္ျဖဴးေရးကုမၸဏီ,21.89948,96.104055,09 797 593484,,,,,,
မႏၱေလးတိုင္းေဒသႀကီး,ျပည္ႀကီးတံခြန္ျမိဳ့,ဓာတ္အားခြဲရံု,အမ္အီးအက္စီ,21.885989,96.127191,,,,,,,
မႏၱေလးတိုင္းေဒသႀကီး,ျပည္ႀကီးတံခြန္ျမိဳ့,ဓာတ္အားခြဲရံု,အမ္အီးအက္စီ,21.913569,96.122627,,,,,,,
မႏၱေလးတိုင္းေဒသႀကီး,ျပည္ႀကီးတံခြန္ျမိဳ့,ဓာတ္အားခြဲရံု,တံခြန္တိုင္ပင္မဓာတ္အားခြဲရံု,21.917048,96.081096,,,,,,,
မႏၱေလးတိုင္းေဒသႀကီး,ျပည္ႀကီးတံခြန္ျမိဳ့,ဓာတ္အားခြဲရံု,၀င္းလ်ွပ္စစ္,21.886851,96.10388,09 202 1046,,,,,,
မႏၱေလးတိုင္းေဒသႀကီး,ျပည္ႀကီးတံခြန္ျမိဳ့,လ်ွပ္စစ္ပစၥည္းအေရာင္းဆိုင္,ဘ၀သစ္,21.92786,96.086549,09 40252 7791,,,,,,
မႏၱေလးတိုင္းေဒသႀကီး,ျပည္ႀကီးတံခြန္ျမိဳ့,လ်ွပ္စစ္ပစၥည္းအေရာင္းဆိုင္,ဇြဲမာန္,21.901771,96.08272,09 681 5705,,,,,,
မႏၱေလးတိုင္းေဒသႀကီး,ျပည္ႀကီးတံခြန္ျမိဳ့,လ်ွပ္စစ္ပစၥည္းအေရာင္းဆိုင္,ကို၀င္းေဌး,21.895123,96.094556,09 798 788123,,,,,,
မႏၱေလးတိုင္းေဒသႀကီး,ျပည္ႀကီးတံခြန္ျမိဳ့,လ်ွပ္စစ္ပစၥည္းအေရာင္းဆိုင္,ေအာင္ႀကယ္စင္,21.909516,96.115066,09 44853 6090,,,,,,
မႏၱေလးတိုင္းေဒသႀကီး,ျပည္ႀကီးတံခြန္ျမိဳ့,လ်ွပ္စစ္ပစၥည္းအေရာင္းဆိုင္,ထြန္းေရႊ,21.887539,96.109886,02 515 4081,,,,,,
မႏၱေလးတိုင္းေဒသႀကီး,ျပည္ႀကီးတံခြန္ျမိဳ့,လ်ွပ္စစ္ပစၥည္းအေရာင္းဆိုင္,ဓူ၀ံႀကယ္,21.903414,96.081667,09 974 348118,,,,,,
မႏၱေလးတိုင္းေဒသႀကီး,ျပည္ႀကီးတံခြန္ျမိဳ့,လ်ွပ္စစ္ပစၥည္းအေရာင္းဆိုင္,ဟိန္း,21.902871,96.082239,09 203 0593,,,,,,
မႏၱေလးတိုင္းေဒသႀကီး,ျပည္ႀကီးတံခြန္ျမိဳ့,လ်ွပ္စစ္ပစၥည္းအေရာင္းဆိုင္,လြင္ရတီ,21.904258,96.081672,09 910 47971,,,,,,
မႏၱေလးတိုင္းေဒသႀကီး,ျပည္ႀကီးတံခြန္ျမိဳ့,လ်ွပ္စစ္ပစၥည္းအေရာင္းဆိုင္,စြမ္းထက္,21.905069,96.081766,09 910 02575,,,,,,
မႏၱေလးတိုင္းေဒသႀကီး,ျပည္ႀကီးတံခြန္ျမိဳ့,လ်ွပ္စစ္ပစၥည္းအေရာင္းဆိုင္,၇၃၅လ်ွပ္စစ္,21.901608,96.083577,09 44401 1735,,,,,,
မႏၱေလးတိုင္းေဒသႀကီး,ျပည္ႀကီးတံခြန္ျမိဳ့,လ်ွပ္စစ္ပစၥည္းအေရာင္းဆိုင္,ဟိန္းလ်ွပ္စစ္ဆိုင္,21.922606,96.088731,09 40249 3002,,,,,,
မႏၱေလးတိုင္းေဒသႀကီး,ျပည္ႀကီးတံခြန္ျမိဳ့,လ်ွပ္စစ္ပစၥည္းအေရာင္းဆိုင္,မိဘေမတၱာ,21.912544,96.126004,09 789 600852,,,,,,
မႏၱေလးတိုင္းေဒသႀကီး,ျပည္ႀကီးတံခြန္ျမိဳ့,လ်ွပ္စစ္ပစၥည္းအေရာင္းဆိုင္,ထူးေအာင္ေက်ာ္,21.914655,96.116904,09 792 055526,,,,,,
မႏၱေလးတိုင္းေဒသႀကီး,မဟာေအာင္ေျမျမိဳ့,ဓာတ္အားခြဲရံု,လီနီယာပါ၀ါကုမၸဏီ,21.955746,96.115018,09 44404 3793,,,,,,
မႏၱေလးတိုင္းေဒသႀကီး,မဟာေအာင္ေျမျမိဳ့,လ်ွပ္စစ္ပစၥည္းျပဳျပင္ေရး,ျပည့္စံု,21.96865,96.09593,09 40252 1915,,,,,,
မႏၱေလးတိုင္းေဒသႀကီး,မဟာေအာင္ေျမျမိဳ့,လ်ွပ္စစ္ပစၥည္းျပဳျပင္ေရး,၀င္း,21.964201,96.075077,09 910 08356,,,,,,
မႏၱေလးတိုင္းေဒသႀကီး,မဟာေအာင္ေျမျမိဳ့,လ်ွပ္စစ္ပစၥည္းအေရာင္းဆိုင္,ယူပီေက,21.9569572,96.101831,09 40256 9339,,,,,,
မႏၱေလးတိုင္းေဒသႀကီး,မဟာေအာင္ေျမျမိဳ့,လ်ွပ္စစ္ပစၥည္းအေရာင္းဆိုင္,ဖူဂ်ီ,21.964673,96.108164,09 259 143 028,,,,,,
မႏၱေလးတိုင္းေဒသႀကီး,မဟာေအာင္ေျမျမိဳ့,လ်ွပ္စစ္ပစၥည္းအေရာင္းဆိုင္,မ်ိဳးေဇာ္,21.964823,96.099794,09 910 05959,,,,,,
မႏၱေလးတိုင္းေဒသႀကီး,မဟာေအာင္ေျမျမိဳ့,လ်ွပ္စစ္ပစၥည္းအေရာင္းဆိုင္,ကာဒီလိုက္,21.965817,96.111922,09 766 288388,,,,,,
မႏၱေလးတိုင္းေဒသႀကီး,မဟာေအာင္ေျမျမိဳ့,လ်ွပ္စစ္ပစၥည္းအေရာင္းဆိုင္,မြန္းလိုက္,21.967834,96.084179,,,,,,,
မႏၱေလးတိုင္းေဒသႀကီး,မဟာေအာင္ေျမျမိဳ့,လ်ွပ္စစ္ပစၥည္းအေရာင္းဆိုင္,မိတ္ဆက္,21.962543,96.080001,09 40257 5782,,,,,,
မႏၱေလးတိုင္းေဒသႀကီး,မဟာေအာင္ေျမျမိဳ့,လ်ွပ္စစ္ပစၥည္းအေရာင္းဆိုင္,ဂိုးဒင္းလိုက္,21.96281,96.085676,02 407 2741,,,,,,
မႏၱေလးတိုင္းေဒသႀကီး,မဟာေအာင္ေျမျမိဳ့,လ်ွပ္စစ္ပစၥည္းအေရာင္းဆိုင္,ေတာ္၀င္အလင္းလ်ွပ္စစ္,21.968792,96.094221,09 44401 3945,,,,,,
မႏၱေလးတိုင္းေဒသႀကီး,မဟာေအာင္ေျမျမိဳ့,လ်ွပ္စစ္ပစၥည္းအေရာင္းဆိုင္,တီႏွင့္တီဆိုင္းကုမၸဏီ,21.95388,96.101099,09 964 844885,,,,,,
မႏၱေလးတိုင္းေဒသႀကီး,မဟာေအာင္ေျမျမိဳ့,လ်ွပ္စစ္ပစၥည္းအေရာင္းဆိုင္,ေရႊျမန္မာ,21.959273,96.110924,09 40270 4475,,,,,,
မႏၱေလးတိုင္းေဒသႀကီး,မဟာေအာင္ေျမျမိဳ့,လ်ွပ္စစ္ပစၥည္းအေရာင္းဆိုင္,ျမစ္၀ါ,21.967643,96.113719,09 777 755622,,,,,,
မႏၱေလးတိုင္းေဒသႀကီး,မဟာေအာင္ေျမျမိဳ့,လ်ွပ္စစ္ပစၥည္းအေရာင္းဆိုင္,ဟုမ္းပလက္စ္,21.967108,96.119768,09 975 032000,,,,,,
မႏၱေလးတိုင္းေဒသႀကီး,မဟာေအာင္ေျမျမိဳ့,လ်ွပ္စစ္ပစၥည္းအေရာင္းဆိုင္,မိုး,21.962764,96.059149,09 44101 3289,,,,,,
မႏၱေလးတိုင္းေဒသႀကီး,မဟာေအာင္ေျမျမိဳ့,လ်ွပ္စစ္ပစၥည္းအေရာင္းဆိုင္,ခ်နိုက္တာလ်ွပ္စစ္,21.955236,96.088118,09 977 904550,,,,,,
မႏၱေလးတိုင္းေဒသႀကီး,မဟာေအာင္ေျမျမိဳ့,လ်ွပ္စစ္ပစၥည္းအေရာင္းဆိုင္,သစၥာျမန္မာ,21.955465,96.105075,09 969 776680,,,,,,
မႏၱေလးတိုင္းေဒသႀကီး,မဟာေအာင္ေျမျမိဳ့,လ်ွပ္စစ္ပစၥည္းအေရာင္းဆိုင္,မင္းသီဟ,21.963616,96.101562,09 960 182790,,,,,,
မႏၱေလးတိုင္းေဒသႀကီး,မဟာေအာင္ေျမျမိဳ့,လ်ွပ္စစ္ပစၥည္းအေရာင္းဆိုင္,လိွဳင္းသစ္,21.967174,96.101119,09 256 118 823,,,,,,
မႏၱေလးတိုင္းေဒသႀကီး,မဟာေအာင္ေျမျမိဳ့,လ်ွပ္စစ္ပစၥည္းအေရာင္းဆိုင္,ေရာင္ျခည္သစ္,21.963963,96.101408,09 44418 4334,,,,,,
မႏၱေလးတိုင္းေဒသႀကီး,မဟာေအာင္ေျမျမိဳ့,လ်ွပ္စစ္ပစၥည္းအေရာင္းဆိုင္,ကိုေဆြ,21.955377,96.073465,09 430 62987,,,,,,
မႏၱေလးတိုင္းေဒသႀကီး,မဟာေအာင္ေျမျမိဳ့,လ်ွပ္စစ္ပစၥည္းအေရာင္းဆိုင္,ေကာင္းျမတ္,21.965766,96.088125,09 410 01688,,,,,,
မႏၱေလးတိုင္းေဒသႀကီး,မဟာေအာင္ေျမျမိဳ့,လ်ွပ္စစ္ပစၥည္းအေရာင္းဆိုင္,ေအစက္တီအို,21.963676,96.097093,09 695 311431,,,,,,
မႏၱေလးတိုင္းေဒသႀကီး,မဟာေအာင္ေျမျမိဳ့,လ်ွပ္စစ္ပစၥည္းအေရာင္းဆိုင္,ေအးပက္စ္အန္မီးလင္း,21.968556,96.096531,09 978 113998,,,,,,
မႏၱေလးတိုင္းေဒသႀကီး,မဟာေအာင္ေျမျမိဳ့,လ်ွပ္စစ္ပစၥည္းအေရာင္းဆိုင္,အင္ပါယာ,21.967011,96.098856,09 779 559377,,,,,,
မႏၱေလးတိုင္းေဒသႀကီး,မဟာေအာင္ေျမျမိဳ့,လ်ွပ္စစ္ပစၥည္းအေရာင္းဆိုင္,ေရႊလီထြန္း,21.962341,96.094804,09 910 50340,,,,,,
မႏၱေလးတိုင္းေဒသႀကီး,မဟာေအာင္ေျမျမိဳ့,လ်ွပ္စစ္ပစၥည္းအေရာင္းဆိုင္,၀င္း၀ါ,21.96089,96.095575,09 40225 2052,,,,,,
မႏၱေလးတိုင္းေဒသႀကီး,မဟာေအာင္ေျမျမိဳ့,လ်ွပ္စစ္ပစၥည္းအေရာင္းဆိုင္,ျမန္မာကန္ဂရူး,21.969044,96.083428,09 40024 0033,,,,,,
မႏၱေလးတိုင္းေဒသႀကီး,မဟာေအာင္ေျမျမိဳ့,လ်ွပ္စစ္ပစၥည္းအေရာင္းဆိုင္,၃၅ လူထုလ်ွပ္စစ္,21.968311,96.076252,09 203 8316,,,,,,
မႏၱေလးတိုင္းေဒသႀကီး,မဟာေအာင္ေျမျမိဳ့,လ်ွပ္စစ္ပစၥည္းအေရာင္းဆိုင္,ေရႊပင္လံု,21.967807,96.091032,09 44101 4070,,,,,,
မႏၱေလးတိုင္းေဒသႀကီး,မဟာေအာင္ေျမျမိဳ့,လ်ွပ္စစ္ပစၥည္းအေရာင္းဆိုင္,ခ်မ္းစိန္,21.967581,96.090469,09 259 119 868,,,,,,
မႏၱေလးတိုင္းေဒသႀကီး,မဟာေအာင္ေျမျမိဳ့,လ်ွပ္စစ္ပစၥည္းအေရာင္းဆိုင္,ကိုလက္စီဟုမ္း,21.965629,96.08182,09 44229 9998,,,,,,
မႏၱေလးတိုင္းေဒသႀကီး,မဟာေအာင္ေျမျမိဳ့,လ်ွပ္စစ္ပစၥည္းအေရာင္းဆိုင္,ဦးေအာင္နုိင္အိမ္,21.965152,96.109276,09 430 02223,,,,,,
မႏၱေလးတိုင္းေဒသႀကီး,မဟာေအာင္ေျမျမိဳ့,လ်ွပ္စစ္ပစၥည္းအေရာင္းဆိုင္,နထရြန္ျမန္မာ,21.965601,96.115557,09 253 021 622,,,,,,
မႏၱေလးတိုင္းေဒသႀကီး,မဟာေအာင္ေျမျမိဳ့,လ်ွပ္စစ္ပစၥည္းအေရာင္းဆိုင္,ေနရွင္နယ္,21.968563,96.093151,09 431 59025,,,,,,
မႏၱေလးတိုင္းေဒသႀကီး,မဟာေအာင္ေျမျမိဳ့,လ်ွပ္စစ္ပစၥည္းအေရာင္းဆိုင္,အမ္အမ္(၃)လ်ွပ္စစ္,21.969336,96.079203,09 202 1146,,,,,,
မႏၱေလးတိုင္းေဒသႀကီး,မဟာေအာင္ေျမျမိဳ့,လ်ွပ္စစ္ပစၥည္းအေရာင္းဆိုင္,ဇင္,21.970147,96.08847,02 402 2318,,,,,,
မႏၱေလးတိုင္းေဒသႀကီး,ေအာင္ေျမသာဇံ,လ်ွပ္စစ္ဓာတ္အားျဖန့္ျဖဴးေရး,ေအာင္ေျမသာစံျမိဳ့နယ္လ်ွပ္စစ္မန္ေနဂ်ာရံုး,21.017782,96.097147,02 39 163,,,,,,
မႏၱေလးတိုင္းေဒသႀကီး,ေအာင္ေျမသာဇံ,လ်ွပ္စစ္ပစၥည္းျပဳျပင္ေရး,ေအာင္သိဒၳိလ်ွပ္စစ္ျပဳျပင္ေရး(ဦးေအာင္ႀကီး),22.001751,96.119584,09 334 14347,,,,,,
မႏၱေလးတိုင္းေဒသႀကီး,ေအာင္ေျမသာဇံ,လ်ွပ္စစ္ပစၥည္းျပဳျပင္ေရး,ရွယ္လက္ရာ,21.981528,96.061749,09 42802 7742,,,,,,
မႏၱေလးတိုင္းေဒသႀကီး,ေအာင္ေျမသာဇံ,လ်ွပ္စစ္ပစၥည္းအေရာင္းဆိုင္,မာစတာ,21.988831,96.076145,09 910 06198,,,,,,
မႏၱေလးတိုင္းေဒသႀကီး,ေအာင္ေျမသာဇံ,လ်ွပ္စစ္ပစၥည္းအေရာင္းဆိုင္,ကိုမင္းမင္း,21.997035,96.079974,09 973 577796,,,,,,
မႏၱေလးတိုင္းေဒသႀကီး,ေအာင္ေျမသာဇံ,လ်ွပ္စစ္ပစၥည္းအေရာင္းဆိုင္,အက္အမ္အမ္အန္အမ္အမ္အီလ်ွပ္စစ,21.993062,96.079289,09 40324 6323,,,,,,
မႏၱေလးတိုင္းေဒသႀကီး,ေအာင္ေျမသာဇံ,လ်ွပ္စစ္ပစၥည္းအေရာင္းဆိုင္,တီဇက္လ်ွပ္စစ္,21.992904,96.079238,09 910 02569,,,,,,
မႏၱေလးတိုင္းေဒသႀကီး,ေအာင္ေျမသာဇံ,လ်ွပ္စစ္ပစၥည္းအေရာင္းဆိုင္,လမင္းႀကယ္(၂၂လမ္း),21.988953,96.075827,09 44402 4446,,,,,,
မႏၱေလးတိုင္းေဒသႀကီး,ေအာင္ေျမသာဇံ,လ်ွပ္စစ္ပစၥည္းအေရာင္းဆိုင္,မာစတာ,21.988831,96.076145,09 910 06198,,,,,,
မႏၱေလးတိုင္းေဒသႀကီး,ေအာင္ေျမသာဇံ,လ်ွပ္စစ္ပစၥည္းအေရာင္းဆိုင္,ဦး၀င္းတင္,21.98603,96.08132,09 975 311787,,,,,,
မႏၱေလးတိုင္းေဒသႀကီး,ေအာင္ေျမသာဇံ,လ်ွပ္စစ္ပစၥည္းအေရာင္းဆိုင္,သစၥာျဖဴ,21.983764,96.078756,02 406 6340,,,,,,
မႏၱေလးတိုင္းေဒသႀကီး,ေအာင္ေျမသာဇံ,လ်ွပ္စစ္ပစၥည္းအေရာင္းဆိုင္,ငု၀ါ,21.983044,96.082305,02 403 4439,,,,,,
မႏၱေလးတိုင္းေဒသႀကီး,ေအာင္ေျမသာဇံ,လ်ွပ္စစ္ပစၥည္းအေရာင္းဆိုင္,တကၠသိုလ္,21.983417,96.078958,,,,,,,
မႏၱေလးတိုင္းေဒသႀကီး,ေအာင္ေျမသာဇံ,လ်ွပ္စစ္ပစၥည္းအေရာင္းဆိုင္,စီအက္အက္ ကုမၸဏီ,21.985758,96.079791,02 403 6271,,,,,,
မႏၱေလးတိုင္းေဒသႀကီး,ေအာင္ေျမသာဇံ,လ်ွပ္စစ္ပစၥည္းအေရာင္းဆိုင္,တီတီအိတ္ခ်္,21.983977,96.078827,09 259 004 049,,,,,,
မႏၱေလးတိုင္းေဒသႀကီး,ေအာင္ေျမသာဇံ,လ်ွပ္စစ္ပစၥည္းအေရာင္းဆိုင္,သရဖူ,21.982184,96.100818,,,,,,,
မႏၱေလးတိုင္းေဒသႀကီး,ေအာင္ေျမသာဇံ,လ်ွပ္စစ္ပစၥည္းအေရာင္းဆိုင္,ေကတီ,21.991151,96.112028,09 977 903712,,,,,,
မႏၱေလးတိုင္းေဒသႀကီး,ေအာင္ေျမသာဇံ,လ်ွပ္စစ္ပစၥည္းအေရာင္းဆိုင္,နီလာ,21.991837,96.111715,09 40251 9966,,,,,,
မႏၱေလးတိုင္းေဒသႀကီး,ေအာင္ေျမသာဇံ,လ်ွပ္စစ္ပစၥည္းအေရာင္းဆိုင္,ေရႊျပည္ေက်ာ္,21.991737,96.111197,09 257 772 080,,,,,,
မႏၱေလးတိုင္းေဒသႀကီး,ေအာင္ေျမသာဇံ,လ်ွပ္စစ္ပစၥည္းအေရာင္းဆိုင္,ေအာင္သိဒၳိလ်ွပ္စစ္ျပဳျပင္ေရး(ဦးေအာင္ႀကီး),22.001751,96.119584,09 334 14347,,,,,,
မႏၱေလးတိုင္းေဒသႀကီး,ေအာင္ေျမသာဇံ,လ်ွပ္စစ္ပစၥည္းအေရာင္းဆိုင္,နႏၵာ,21.991317,96.06988,09 203 0079,,,,,,
မႏၱေလးတိုင္းေဒသႀကီး,ေအာင္ေျမသာဇံ,လ်ွပ္စစ္ပစၥည္းအေရာင္းဆိုင္,အက္တီဗိတ္,21.987396,96.062105,,,,,,,
မႏၱေလးတိုင္းေဒသႀကီး,ေအာင္ေျမသာဇံ,လ်ွပ္စစ္ပစၥည္းအေရာင္းဆိုင္,ေကဇက္အန္,22.005379,96.106963,09 910 16978,,,,,,
မႏၱေလးတိုင္းေဒသႀကီး,ေအာင္ေျမသာဇံ,လ်ွပ္စစ္ပစၥည္းအေရာင္းဆိုင္,စီဒဗလ်ဴလ်ွပ္စစ္,21.983042,96.082224,09 200 4486,,,,,,
မႏၱေလးတိုင္းေဒသႀကီး,ေအာင္ေျမသာဇံ,လ်ွပ္စစ္ပစၥည္းအေရာင္းဆိုင္,ပီတီလ်ွပ္စစ္,21.983092,96.079266,09 431 45646,,,,,,
မႏၱေလးတိုင္းေဒသႀကီး,ေအာင္ေျမသာဇံ,လ်ွပ္စစ္ပစၥည္းအေရာင္းဆိုင္,စတားလိုက္,21.983257,96.079808,02 73 749,,,,,,
မႏၱေလးတိုင္းေဒသႀကီး,ေအာင္ေျမသာဇံ,လ်ွပ္စစ္ပစၥည္းအေရာင္းဆိုင္,မန္းေအာင္ေအာင္,22.010196,96.092215,09 40264 2524,,,,,,
မႏၱေလးတိုင္းေဒသႀကီး,ေအာင္ေျမသာဇံ,လ်ွပ္စစ္ပစၥည္းအေရာင္းဆိုင္,ဖန္စီလိုက္,21.008061,96.091961,09 731 77607,,,,,,
မႏၱေလးတိုင္းေဒသႀကီး,ေအာင္ေျမသာဇံ,လ်ွပ္စစ္ပစၥည္းအေရာင္းဆိုင္,ေမလင္း,22.007965,96.0858,09 966 248597,,,,,,
မႏၱေလးတိုင္းေဒသႀကီး,ေအာင္ေျမသာဇံ,လ်ွပ္စစ္ပစၥည္းအေရာင္းဆိုင္,ပစ္တိုင္းေထာင္,22.003776,98.084617,09 40259 5902,,,,,,
မႏၱေလးတိုင္းေဒသႀကီး,ေအာင္ေျမသာဇံ,လ်ွပ္စစ္ပစၥည္းအေရာင္းဆိုင္,ေအာင္နိုင္သူ,22.000871,96.081456,09 263 648 990,,,,,,
မႏၱေလးတိုင္းေဒသႀကီး,ေအာင္ေျမသာဇံ,လ်ွပ္စစ္ပစၥည္းအေရာင္းဆိုင္,ဆမ္ဆမ္မီးအားျမွင့္စက္အမ်ဳးိမ်ိဳး,21.99372,96.071548,09 200 3793,,,,,,
မႏၱေလးတိုင္းေဒသႀကီး,ေအာင္ေျမသာဇံ,လ်ွပ္စစ္ပစၥည္းအေရာင္းဆိုင္,စိန္,21.983621,96.072856,02 407 1155,,,,,,
မႏၱေလးတိုင္းေဒသႀကီး,ေအာင္ေျမသာဇံ,လ်ွပ္စစ္ပစၥည္းအေရာင္းဆိုင္,ကူမင္းမင္းေခ်ာင္လ်ွပ္စစ္ဓာတ္ႀကိဳးလုပ္ငန္း,21.983659,96.078442,09 968 660650,,,,,,
မႏၱေလးတိုင္းေဒသႀကီး,ေအာင္ေျမသာဇံ,လ်ွပ္စစ္ပစၥည္းအေရာင္းဆိုင္,ေ၀ယံ,21.005043,96.109267,09 333 13721,,,,,,
မႏၱေလးတိုင္းေဒသႀကီး,ေအာင္ေျမသာဇံ,လ်ွပ္စစ္ပစၥည္းအေရာင္းဆိုင္,စစ္သည္,21.992566,96.113485,09 44404 3139,,,,,,
မႏၱေလးတိုင္းေဒသႀကီး,ေအာင္ေျမသာဇံ,လ်ွပ္စစ္ပစၥည္းအေရာင္းဆိုင္,အိုေက ၂၀၀၀,21.992468,96.11349,09 200 6293,,,,,,
မႏၱေလးတိုင္းေဒသႀကီး,ေအာင္ေျမသာဇံ,လ်ွပ္စစ္ပစၥည္းအေရာင္းဆိုင္,ေတာ္၀င္,21.992379,96.11803,09 40276 6217,,,,,,
မႏၱေလးတိုင္းေဒသႀကီး,ေအာင္ေျမသာဇံ,လ်ွပ္စစ္ပစၥည္းအေရာင္းဆိုင္,ေကာင္းထက္,21.991618,96.125409,09 973 781222,,,,,,
မႏၱေလးတိုင္းေဒသႀကီး,ေအာင္ေျမသာဇံ,လ်ွပ္စစ္ပစၥည္းအေရာင္းဆိုင္,ေအေကဇက္,21.984351,96.078309,09 202 1690,,,,,,
မႏၱေလးတိုင္းေဒသႀကီး,ေအာင္ေျမသာဇံ,လ်ွပ္စစ္ပစၥည္းအေရာင္းဆိုင္,ထိန္ထိန္,21.983376,96.083238,02 61 681,,,,,,
မႏၱေလးတိုင္းေဒသႀကီး,ေအာင္ေျမသာဇံ,လ်ွပ္စစ္ပစၥည္းအေရာင္းဆိုင္,ဒဂံု,21.903012,96.083295,02 31 394,,,,,,
မႏၱေလးတိုင္းေဒသႀကီး,ေက်ာက္ဆည္ျမို့,ေရအားလွ်ပ္စစ္ဓာတ္အားေပးစက္ရံု,ျမိဳ ့ႀကီးဆည္,21.465067,96.380941,,,,,,,
မႏၱေလးတိုင္းေဒသႀကီး,ေက်ာက္ဆည္ျမို့,ေရအားလွ်ပ္စစ္ဓာတ္အားေပးစက္ရံု,ရဲရြာေရအားလ်ွပ္စစ္ဓာတ္အားေပးစက္ရံု,21.672905,96.474053,,,,,,,
မႏၱေလးတိုင္းေဒသႀကီး,ေက်ာက္ဆည္ျမို့,လ်ွပ္စစ္ပစၥည္းအေရာင္းဆိုင္,ဦးေသာင္းလ်ွပ္စစ္,21.599284,96.135523,,,,,,,
မႏၱေလးတိုင္းေဒသႀကီး,ေက်ာက္ဆည္ျမို့,လ်ွပ္စစ္ပစၥည္းအေရာင္းဆိုင္,အံ့ဖြယ္မိုဘိုင္းနွင့္လ်ွပ္စစ္,21.609662,96.134166,09 253 590 005,,,,,,
မႏၱေလးတိုင္းေဒသႀကီး,ေက်ာက္ဆည္ျမို့,လ်ွပ္စစ္ပစၥည္းအေရာင္းဆိုင္,ေရႊရတီ,21.609035,96.135395,066 50 485,,,,,,
မႏၱေလးတိုင္းေဒသႀကီး,ေက်ာက္ဆည္ျမို့,လ်ွပ္စစ္ပစၥည္းအေရာင္းဆိုင္,သာဦး,21.605585,96.136857,09 797 914420,,,,,,
မႏၱေလးတိုင္းေဒသႀကီး,ေက်ာက္ဆည္ျမို့,လ်ွပ္စစ္ပစၥည္းအေရာင္းဆိုင္,စကား၀ါ,21.597246,96.130006,,,,,,,
မႏၱေလးတိုင္းေဒသႀကီး,ေက်ာက္ဆည္ျမို့,လ်ွပ္စစ္ပစၥည္းအေရာင္းဆိုင္,လြင္လြင္,21.611782,96.134398,066 205 0066,,,,,,
မႏၱေလးတိုင္းေဒသႀကီး,ေက်ာက္ပန္းေတာင္းျမို့,လ်ွပ္စစ္ပစၥည္းအေရာင္းဆိုင္,လမင္းစိုးလ်ွပ္စစ္,20.849239,95.131882,,,,,,,
မႏၱေလးတိုင္းေဒသႀကီး,ေက်ာက္ပန္းေတာင္းျမို့,လ်ွပ္စစ္ပစၥည္းအေရာင္းဆိုင္,ရြဲဒိုး,20.844373,95.127592,,,,,,,
မႏၱေလးတိုင္းေဒသႀကီး,ေက်ာက္ပန္းေတာင္းျမို့,လ်ွပ္စစ္ပစၥည္းအေရာင္းဆိုင္,စီးလိုက္,20.84587,95.122917,061 50 128,,,,,,
ရန္ကုန္တိုင္းေဒသျကီး,ဒဂံုျမို႕သစ္အေရွ့ပိုင္း,လ်ွပ္စစ္ပစၥည္းျပဳျပင္ေရး,ေနမင္းထြန္း,16.89311,96.236305,,,,,,,
ရန္ကုန္တိုင္းေဒသျကီး,အလံု,လ်ွပ္စစ္ပစၥည္းအေရာင္းဆိုင္,ဟိတခ်ိ,16.788289,96.124095,012301267,,,,,,
ရန္ကုန္တိုင္းေဒသျကီး,အလံု,လ်ွပ္စစ္ပစၥည္းအေရာင္းဆိုင္,ဂိုးလ္စတားဒိုင္းမြန္း,16.78297,96.128888,,,,,,,
ရန္ကုန္တိုင္းေဒသျကီး,အလံု,လ်ွပ္စစ္ပစၥည္းအေရာင္းဆိုင္,ေရႊပန္းခ်ီ,16.78838,96.124379,,,,,,,
ရန္ကုန္တိုင္းေဒသျကီး,အလံု,လ်ွပ္စစ္ပစၥည္းအေရာင္းဆိုင္,စႏၵီဆိုလာ,16.788491,96.124471,09 44341 4499,,,,,,
ရန္ကုန္တိုင္းေဒသျကီး,အလံု,လ်ွပ္စစ္ပစၥည္းအေရာင္းဆိုင္,သူငယ္ခ်င္း,16.803645,96.130922,01505483,,,,,,
ရန္ကုန္တိုင္းေဒသျကီး,အလံု,လ်ွပ္စစ္ပစၥည္းျပဳျပင္ေရး,ပနစိုးနစ္,16.785787,96.125255,,,,,,,
ရန္ကုန္တိုင္းေဒသျကီး,အလံု,လ်ွပ္စစ္ပစၥည္းအေရာင္းဆိုင္,ျမင့္သန္း,16.793448,96.12343,09966559228,,,,,,
ရန္ကုန္တိုင္းေဒသျကီး,အလံု,လ်ွပ္စစ္ပစၥည္းအေရာင္းဆိုင္,ယူနီဖိုင္း,16.791158,96.127629,09450450706,,,,,,
ရန္ကုန္တိုင္းေဒသျကီး,အလံု,လ်ွပ္စစ္ပစၥည္းအေရာင္းဆိုင္,ဂလက္စီ,16.787385,96.128085,,,,,,,
ရန္ကုန္တိုင္းေဒသျကီး,အလံု,လ်ွပ္စစ္ပစၥည္းအေရာင္းဆိုင္,မီဒီယာ,16.775151,96.1448,012303014,,,,,,
ရန္ကုန္တိုင္းေဒသျကီး,အလံု,လ်ွပ္စစ္ပစၥည္းအေရာင္းဆိုင္,ေရႊဓူ၀ံ,16.791683,96.124226,01216703,,,,,,
ရန္ကုန္တိုင္းေဒသျကီး,အလံု,လ်ွပ္စစ္ပစၥည္းအေရာင္းဆိုင္,မစ္စတာအဲ,16.786117,96.128268,0973052628,,,,,,
ရန္ကုန္တိုင္းေဒသျကီး,အလံု,လ်ွပ္စစ္ပစၥည္းအေရာင္းဆိုင္,ေအာ္တိုေမးရွဲန္,16.7919428,96.1234937,09425301536,,,,,,
ရန္ကုန္တိုင္းေဒသျကီး,အလံု,လ်ွပ္စစ္ပစၥည္းအေရာင္းဆိုင္,မဟာမိတ္,16.7846786,96.1284446,09775570253,,,,,,
ရန္ကုန္တိုင္းေဒသျကီး,အလံု,လ်ွပ္စစ္ပစၥည္းအေရာင္းဆိုင္,ဖိလပ္,16.803599,96.133948,01510635,,,,,,
ရန္ကုန္တိုင္းေဒသျကီး,အလံု,လ်ွပ္စစ္ပစၥည္းအေရာင္းဆိုင္,ဇက္အီးစီ,16.796201,96.126711,09974604255,,,,,,
ရန္ကုန္တိုင္းေဒသျကီး,အလံု,လ်ွပ္စစ္ပစၥည္းအေရာင္းဆိုင္,လွမဥၨူ,16.788149,96.124112,012314140,,,,,,
ရန္ကုန္တိုင္းေဒသျကီး,အလံု,လ်ွပ္စစ္ပစၥည္းအေရာင္းဆိုင္,ေအာင္ရတနာ,16.788339,96.126874,,,,,,,
ရန္ကုန္တိုင္းေဒသျကီး,အလံု,လ်ွပ္စစ္ပစၥည္းအေရာင္းဆိုင္,ထူးေန,16.789229,96.126522,09786024153,,,,,,
ရန္ကုန္တိုင္းေဒသျကီး,အလံု,လ်ွပ္စစ္ပစၥည္းအေရာင္းဆိုင္,ေရာင္နီဦး,16.790697,96.126222,09789456103,,,,,,
ရန္ကုန္တိုင္းေဒသျကီး,အလံု,လ်ွပ္စစ္ပစၥည္းအေရာင္းဆိုင္,ဆင္မင္း,16.792349,96.126736,,,,,,,
ရန္ကုန္တိုင္းေဒသျကီး,အလံု,လ်ွပ္စစ္ပစၥည္းအေရာင္းဆိုင္,စိုးစံ,16.791999,96.123484,012301108,,,,,,
ရန္ကုန္တိုင္းေဒသျကီး,ဗဟန္း,လ်ွပ္စစ္ပစၥည္းအေရာင္းဆိုင္,ဆန္းသစ္(ဦးမင္းသူ),16.781928,96.130791,09420136547,,,,,,
ရန္ကုန္တိုင္းေဒသျကီး,ေက်ာက္တံတား,လ်ွပ္စစ္ပစၥည္းအေရာင္းဆိုင္,ျမင့္မိုလ္,16.777489,96.160256,01374589,,,,,,
ရန္ကုန္တိုင္းေဒသျကီး,ေက်ာက္တံတား,လ်ွပ္စစ္ပစၥည္းအေရာင္းဆိုင္,မာစတာ,16.772563,96.164082,09443045742,,,,,,
ရန္ကုန္တိုင္းေဒသျကီး,ေက်ာက္တံတား,လ်ွပ္စစ္ပစၥည္းအေရာင္းဆိုင္,စမိုင္းလ္,16.775718,96.162941,018392853,,,,,,
ရန္ကုန္တိုင္းေဒသျကီး,ေက်ာက္တံတား,လ်ွပ္စစ္ပစၥည္းအေရာင္းဆိုင္,တီေအ,16.776584,96.161886,095091165,,,,,,
ရန္ကုန္တိုင္းေဒသျကီး,ေက်ာက္တံတား,လ်ွပ္စစ္ပစၥည္းအေရာင္းဆိုင္,ေ၀ယံ,16.775456,96.161468,01250596,,,,,,
ရန္ကုန္တိုင္းေဒသျကီး,ေက်ာက္တံတား,လ်ွပ္စစ္ပစၥည္းအေရာင္းဆိုင္,အန္အက္စ္,16.776428,96.161508,01379147,,,,,,
ရန္ကုန္တိုင္းေဒသျကီး,ေက်ာက္တံတား,လ်ွပ္စစ္ပစၥည္းအေရာင္းဆိုင္,F@X,16.774488,96.163013,09972433449,,,,,,
ရန္ကုန္တိုင္းေဒသျကီး,ေက်ာက္တံတား,လ်ွပ္စစ္ပစၥည္းအေရာင္းဆိုင္,ေအတီ,16.772949,96.161788,09422354563,,,,,,
ရန္ကုန္တိုင္းေဒသျကီး,ေက်ာက္တံတား,လ်ွပ္စစ္ပစၥည္းအေရာင္းဆိုင္,စမစ္,16.77888,96.164383,01245581,,,,,,
ရန္ကုန္တိုင္းေဒသျကီး,ေက်ာက္တံတား,လ်ွပ္စစ္ပစၥည္းအေရာင္းဆိုင္,ျမတ္နိုးသူ,16.778233,96.160588,01246424,,,,,,
ရန္ကုန္တိုင္းေဒသျကီး,ေက်ာက္တံတား,လ်ွပ္စစ္ပစၥည္းအေရာင္းဆိုင္,အက္ဆဲလဲ့န့္,16.776213,96.161939,,,,,,,
ရန္ကုန္တိုင္းေဒသျကီး,ေက်ာက္တံတား,လ်ွပ္စစ္ပစၥည္းျပဳျပင္ေရး,ေဂ်ဘီအက္စ္,16.777487,96.159867,,,,,,,
ရန္ကုန္တိုင္းေဒသျကီး,ေက်ာက္တံတား,လ်ွပ္စစ္ပစၥည္းအေရာင္းဆိုင္,၂၀၀ အီလက္ထေရာနစ္,16.775276,96.163224,01252275,,,,,,
ရန္ကုန္တိုင္းေဒသျကီး,ေက်ာက္တံတား,လ်ွပ္စစ္ပစၥည္းအေရာင္းဆိုင္,အီကြဲလ္,16.777861,96.159843,09963666680,,,,,,
ရန္ကုန္တိုင္းေဒသျကီး,ေက်ာက္တံတား,လ်ွပ္စစ္ပစၥည္းအေရာင္းဆိုင္,ေအာ္တို,16.778047,96.163325,095178346,,,,,,
ရန္ကုန္တိုင္းေဒသျကီး,ေက်ာက္တံတား,လ်ွပ္စစ္ပစၥည္းအေရာင္းဆိုင္,ေရႊနဂါး,16.776492,96.161506,09254898112,,,,,,
ရန္ကုန္တိုင္းေဒသျကီး,ေက်ာက္တံတား,လ်ွပ္စစ္ပစၥည္းအေရာင္းဆိုင္,via ျမန္မာ,16.7735471,96.1657198,09263726330,,,,,,
ရန္ကုန္တိုင္းေဒသျကီး,ေက်ာက္တံတား,လ်ွပ္စစ္ပစၥည္းအေရာင္းဆိုင္,ပန္ဒါ,16.777777,96.160255,095008898,,,,,,
ရန္ကုန္တိုင္းေဒသျကီး,ေက်ာက္တံတား,လ်ွပ္စစ္ပစၥည္းအေရာင္းဆိုင္,အိုတီတီအို,16.7787317,96.1617155,09421163941,,,,,,
ရန္ကုန္တိုင္းေဒသျကီး,ေက်ာက္တံတား,လ်ွပ္စစ္ပစၥည္းအေရာင္းဆိုင္,ယာမဟာ,16.777771,96.159869,09450026507,,,,,,
ရန္ကုန္တိုင္းေဒသျကီး,ေက်ာက္တံတား,လ်ွပ္စစ္ပစၥည္းအေရာင္းဆိုင္,ယုဇန,16.776961,96.163285,018380970,,,,,,
ရန္ကုန္တိုင္းေဒသျကီး,ေက်ာက္တံတား,လ်ွပ္စစ္ပစၥည္းအေရာင္းဆိုင္,ေအေအ,16.774563,96.160846,01249592,,,,,,
ရန္ကုန္တိုင္းေဒသျကီး,ေက်ာက္တံတား,လ်ွပ္စစ္ပစၥည္းအေရာင္းဆိုင္,တက္ကနိုလန္းဒ္,16.775986,96.161295,09254839225,,,,,,
ရန္ကုန္တိုင္းေဒသျကီး,ေက်ာက္တံတား,လ်ွပ္စစ္ပစၥည္းအေရာင္းဆိုင္,အမ္စီ,16.776201,96.161523,01256136,,,,,,
ရန္ကုန္တိုင္းေဒသျကီး,ေက်ာက္တံတား,လ်ွပ္စစ္ပစၥည္းအေရာင္းဆိုင္,မ်ိုး၀င္း,16.772342,96.164182,09965107191,,,,,,
ရန္ကုန္တိုင္းေဒသျကီး,ဗိုလ္တစ္ေထာင္,လ်ွပ္စစ္ပစၥည္းအေရာင္းဆိုင္,၀င္းတားလု,16.774683,96.163203,01385504,,,,,,
ရန္ကုန္တိုင္းေဒသျကီး,ဗိုလ္တစ္ေထာင္,လ်ွပ္စစ္ပစၥည္းအေရာင္းဆိုင္,ေ၀ယံ,16.771187,96.164464,01398571,,,,,,
ရန္ကုန္တိုင္းေဒသျကီး,ဗိုလ္တစ္ေထာင္,လ်ွပ္စစ္ပစၥည္းအေရာင္းဆိုင္,ဇီတာဘိုက္ +,16.776341,96.170686,09967115831,,,,,,
ရန္ကုန္တိုင္းေဒသျကီး,ဗိုလ္တစ္ေထာင္,လ်ွပ္စစ္ပစၥည္းအေရာင္းဆိုင္,ေဂ်ပီအဲလ္,16.773467,96.169617,09979522629,,,,,,
ရန္ကုန္တိုင္းေဒသျကီး,ဗိုလ္တစ္ေထာင္,လ်ွပ္စစ္ပစၥည္းအေရာင္းဆိုင္,တီစီအဲလ္,16.773897,96.167872,018398931,,,,,,
ရန္ကုန္တိုင္းေဒသျကီး,ဗိုလ္တစ္ေထာင္,လ်ွပ္စစ္ပစၥည္းအေရာင္းဆိုင္,ဒစ္ဂ်စ္တယ္,16.77399,96.165032,095186809,,,,,,
ဧရာ၀တီတိုင္းေဒသႀကီး,ပုသိမ္ျမို့,လ်ွပ္စစ္ပစၥည္းအေရာင္းဆိုင္,ေအာင္,16.778364,94.732458,042 23442,,,,,,
ဧရာ၀တီတိုင္းေဒသႀကီး,ပုသိမ္ျမို့,လ်ွပ္စစ္ပစၥည္းအေရာင္းဆိုင္,ေက်ာ္,16.778364,94.738081,09 5200387,,,,,,
ဧရာ၀တီတိုင္းေဒသႀကီး,ပုသိမ္ျမို့,လ်ွပ္စစ္ပစၥည္းအေရာင္းဆိုင္,ေအာင္ေက်ာ္သိန္း,16.778364,94.731431,042 21268,,,,,,
ဧရာ၀တီတိုင္းေဒသႀကီး,ပုသိမ္ျမို့,လ်ွပ္စစ္ပစၥည္းအေရာင္းဆိုင္,တီအီးတီပုသိမ္,16.778364,94.726941,09 400212018,,,,,,
ဧရာ၀တီတိုင္းေဒသႀကီး,ေက်ာက္ဂုန္းျမို့,လ်ွပ္စစ္ပစၥည္းအေရာင္းဆိုင္,လိုက္,16.778364,95.187286,09 422513919,,,,,,
ဧရာ၀တီတိုင္းေဒသႀကီး,လပၸတၱာျမို့,လ်ွပ္စစ္ပစၥည္းအေရာင္းဆိုင္,ထြန္း,16.778364,94.760746,,,,,,,
ဧရာ၀တီတိုင္းေဒသႀကီး,မအူပင္ျမို့,လ်ွပ္စစ္ပစၥည္းအေရာင္းဆိုင္,ေရႊလ၀န္း,16.778364,95.642083,,,,,,,
ဧရာ၀တီတိုင္းေဒသႀကီး,မအူပင္ျမို့,လ်ွပ္စစ္ပစၥည္းအေရာင္းဆိုင္,ကိုမ်ိဳးျမင့္,16.778364,95.655092,045 30920,,,,,,
ဧရာ၀တီတိုင္းေဒသႀကီး,မအူပင္ျမို့,လ်ွပ္စစ္ပစၥည္းအေရာင္းဆိုင္,ျမတ္မဟာ,16.778364,95.652823,09 960808089,,,,,,
ဧရာ၀တီတိုင္းေဒသႀကီး,ဓနုျဖဴျမို့,လ်ွပ္စစ္ပစၥည္းအေရာင္းဆိုင္,ေဇာ္ႀကီးေမာင္ေမာင္,16.778364,95.592823,,,,,,,
ဧရာ၀တီတိုင္းေဒသႀကီး,ဟသၤာတျမို့,လ်ွပ္စစ္ပစၥည္းအေရာင္းဆိုင္,ေနသူရိန္,16.778364,95.460417,09 796931099,,,,,,
ဧရာ၀တီတိုင္းေဒသႀကီး,ဟသၤာတျမို့,လ်ွပ္စစ္ပစၥည္းအေရာင္းဆိုင္,ဇြဲ,16.778364,95.459671,,,,,,,
ဧရာ၀တီတိုင္းေဒသႀကီး,ဟသၤာတျမို့,လ်ွပ္စစ္ပစၥည္းအေရာင္းဆိုင္,ကိုမိုးေအာင္,16.778364,95.461065,09 422485359,,,,,,
ဧရာ၀တီတိုင္းေဒသႀကီး,ဟသၤာတျမို့,လ်ွပ္စစ္ပစၥည္းအေရာင္းဆိုင္,ပစ္တိုင္းေထာင္,16.778364,96.462918,044 21428,,,,,,
ဧရာ၀တီတိုင္းေဒသႀကီး,ျမန္ေအာင္ျမို့,လ်ွပ္စစ္ပစၥည္းအေရာင္းဆိုင္,ဇြဲ,16.778364,95.303297,09 792465877,,,,,,
ဧရာ၀တီတိုင္းေဒသႀကီး,ေျမာင္းျမျမို့,လ်ွပ္စစ္ပစၥည္းအေရာင္းဆိုင္,ကိုစန္း၀င္းေဌးစည္သူ,16.778364,94.929753,09 777770082,,,,,,
ဧရာ၀တီတိုင္းေဒသႀကီး,ဖ်ာပံုျမို့,လ်ွပ္စစ္ပစၥည္းအေရာင္းဆိုင္,ဂရန္း,16.778364,95.681252,09 252029655,,,,,,
ဧရာ၀တီတိုင္းေဒသႀကီး,ရဲႀကီးျမို့,လ်ွပ္စစ္ပစၥည္းအေရာင္းဆိုင္,န၀ရတ္,16.778364,95.118576,046 52190,,,,,,
ဧရာ၀တီတိုင္းေဒသႀကီး,ဇလြန္ျမို့,လ်ွပ္စစ္ပစၥည္းအေရာင္းဆိုင္,ထြန္းမဟာ,16.778364,95.548481,09 799835496,,,,,,
ဧရာ၀တီတိုင္းေဒသႀကီး,ေညာင္ဒုန္းျမို့,လ်ွပ္စစ္ပစၥည္းအေရာင္းဆိုင္,သိန္းဦး,17.046021,95.637762,,,,,,,
ေနျပည္ေတာ္ျပည္ေထာင္စုနယ္ေျမ,ေနျပည္ေတာ္,ျမိဳ႕နယ္လ်ွပ္စစ္အင္ဂ်င္နီယာရံုး,လွ်ပ္စစ္နွင့္စြမ္းအင္၀န္ၾကီးဌာန,19.770493,96.133497,,,,,,,
ေနျပည္ေတာ္ျပည္ေထာင္စုနယ္ေျမ,ေနျပည္ေတာ္,ျမိဳ႕နယ္လ်ွပ္စစ္အင္ဂ်င္နီယာရံုး,အမွတ္(၂)လွ်ပ္စစ္နွင့္စြမ္းအင္၀န္ၾကီးဌာန,19.787382,96.095751,067410207,,,,,,
ေနျပည္ေတာ္ျပည္ေထာင္စုနယ္ေျမ,ဥတၱရသီရိျမို႕,ျမိဳ႕နယ္လ်ွပ္စစ္အင္ဂ်င္နီယာရံုး,ဥတၱရသီရိၿမိဳ႕နယ္လ်ွပ္စစ္ရံုး,19.825714,96.158025,,,,,,,
ေနျပည္ေတာ္ျပည္ေထာင္စုနယ္ေျမ,တပ္ကုန္းျမိဳ႕,ျမိဳ႕နယ္လ်ွပ္စစ္အင္ဂ်င္နီယာရံုး,တပ္ကုန္းျမိဳ႕နယ္လ်ွပ္စစ္ရံုး,20.134925,96.198461,,,,,,,
ေနျပည္ေတာ္ျပည္ေထာင္စုနယ္ေျမ,ဇဗၼဴသီရိျမို႕,လ်ွပ္စစ္ပစၥည္းအေရာင္းဆိုင္,ေရႊသရဖီ,19.7252349,96.1412743,09250106957,,,,,,
ေနျပည္ေတာ္ျပည္ေထာင္စုနယ္ေျမ,ဇဗၼဴသီရိျမို႕,လ်ွပ္စစ္ပစၥည္းအေရာင္းဆိုင္,ခရစ္လိုက္,19.725407,96.097639,,,,,,,
ေနျပည္ေတာ္ျပည္ေထာင္စုနယ္ေျမ,ဇဗၼဴသီရိျမို႕,လ်ွပ္စစ္ပစၥည္းအေရာင္းဆိုင္,သိန္းဧရာ,19.7260104,96.1441043,0931950925,,,,,,
ေနျပည္ေတာ္ျပည္ေထာင္စုနယ္ေျမ,လယ္ေ၀းျမို႕,လ်ွပ္စစ္ပစၥည္းအေရာင္းဆိုင္,လင္းလက္,19.638185,96.111069,,,,,,,
ေနျပည္ေတာ္ျပည္ေထာင္စုနယ္ေျမ,လယ္ေ၀းျမို႕,လ်ွပ္စစ္ပစၥည္းအေရာင္းဆိုင္,ေအာင္ဟိန္း,19.641821,96.113181,09971344588,,,,,,
ေနျပည္ေတာ္ျပည္ေထာင္စုနယ္ေျမ,သာ၀တၱိျမို့,လ်ွပ္စစ္ပစၥည္းအေရာင္းဆိုင္,ေရာင္ျခည္ဦး,19.527759,96.247351,09797908623,,,,,,
ေနျပည္ေတာ္ျပည္ေထာင္စုနယ္ေျမ,သာ၀တၱိျမို့,လ်ွပ္စစ္ပစၥည္းအေရာင္းဆိုင္,ရွင္းသန့္ေအာင္,19.532509,96.254104,,,,,,,
ေနျပည္ေတာ္ျပည္ေထာင္စုနယ္ေျမ,ပ်ဥ္းမနားျမို႕,လ်ွပ္စစ္ပစၥည္းအေရာင္းဆိုင္,ကိုဖိုးနီ-တိုင္းခ်စ္,19.739862,96.206684,06721080,,,,,,
ေနျပည္ေတာ္ျပည္ေထာင္စုနယ္ေျမ,ပ်ဥ္းမနားျမို႕,လ်ွပ္စစ္ပစၥည္းအေရာင္းဆိုင္,လျပည့္၀န္း(၁),19.73898,96.210793,06721111,,,,,,
ေနျပည္ေတာ္ျပည္ေထာင္စုနယ္ေျမ,ပ်ဥ္းမနားျမို႕,လ်ွပ္စစ္ပစၥည္းအေရာင္းဆိုင္,လျပည့္၀န္း(၂),19.7388877,96.2084365,06722957,,,,,,
ေနျပည္ေတာ္ျပည္ေထာင္စုနယ္ေျမ,ပ်ဥ္းမနားျမို႕,လ်ွပ္စစ္ပစၥည္းအေရာင္းဆိုင္,ျပည့္ျဖိဳး,19.73937,96.206808,06723305,,,,,,
ေနျပည္ေတာ္ျပည္ေထာင္စုနယ္ေျမ,ပ်ဥ္းမနားျမို႕,လ်ွပ္စစ္ပစၥည္းအေရာင္းဆိုင္,သိဒၶိျပည့္,19.75313,96.203218,06725591,,,,,,
ေနျပည္ေတာ္ျပည္ေထာင္စုနယ္ေျမ,ပ်ဥ္းမနားျမို႕,လ်ွပ္စစ္ပစၥည္းအေရာင္းဆိုင္,ေငြလမင္း,19.740566,96.204124,06721568,,,,,,
ေနျပည္ေတာ္ျပည္ေထာင္စုနယ္ေျမ,ပ်ဥ္းမနားျမို႕,လ်ွပ္စစ္ပစၥည္းအေရာင္းဆိုင္,ေနတံခြန္,19.750853,96.198356,09402602307,,,,,,
ေနျပည္ေတာ္ျပည္ေထာင္စုနယ္ေျမ,ပ်ဥ္းမနားျမို႕,လ်ွပ္စစ္ပစၥည္းအေရာင္းဆိုင္,ဦးတင္ေရြွ,19.753636,96.201062,,,,,,,
ေနျပည္ေတာ္ျပည္ေထာင္စုနယ္ေျမ,ပ်ဥ္းမနားျမို႕,လ်ွပ္စစ္ပစၥည္းအေရာင္းဆိုင္,ျဖိဳးျဖိဳးၾကြယ္,19.739562,96.207349,,,,,,,
ေနျပည္ေတာ္ျပည္ေထာင္စုနယ္ေျမ,ေနျပည္ေတာ္,လ်ွပ္စစ္ပစၥည္းအေရာင္းဆိုင္,လိုက္တင္းစပါယ္ရွယ္,19.7322538,96.1065336,067420644,,,,,,
ေနျပည္ေတာ္ျပည္ေထာင္စုနယ္ေျမ,ေနျပည္ေတာ္,လ်ွပ္စစ္ပစၥည္းအေရာင္းဆိုင္,ဂႏၶမာ,19.7305564,96.106939,067421212,,,,,,
ေနျပည္ေတာ္ျပည္ေထာင္စုနယ္ေျမ,ေနျပည္ေတာ္,လ်ွပ္စစ္ပစၥည္းအေရာင္းဆိုင္,ဒိုင္းမြန္း,19.738425,96.11868,,,,,,,
ေနျပည္ေတာ္ျပည္ေထာင္စုနယ္ေျမ,ေနျပည္ေတာ္,လ်ွပ္စစ္ပစၥည္းအေရာင္းဆိုင္,ကမၻာေက်ာ္,19.731747,96.107329,,,,,,,
ေနျပည္ေတာ္ျပည္ေထာင္စုနယ္ေျမ,ေနျပည္ေတာ္,လ်ွပ္စစ္ပစၥည္းအေရာင္းဆိုင္,ပြင့္သစ္စ,19.75114,96.086218,09973189963,,,,,,
ေနျပည္ေတာ္ျပည္ေထာင္စုနယ္ေျမ,ေနျပည္ေတာ္,လ်ွပ္စစ္ပစၥည္းအေရာင္းဆိုင္,ျဖိဳးျဖိဳးၾကြယ္,19.743689,96.120414,,,,,,,
ေနျပည္ေတာ္ျပည္ေထာင္စုနယ္ေျမ,ေနျပည္ေတာ္,လ်ွပ္စစ္ပစၥည္းအေရာင္းဆိုင္,ယူနီဗာ့ဆဲလ္,19.741831,96.120115,09259271771,,,,,,
ေနျပည္ေတာ္ျပည္ေထာင္စုနယ္ေျမ,ပုဗၺသီရိျမို႕,လ်ွပ္စစ္ပစၥည္းအေရာင္းဆိုင္,ေက်ာ္နန္းေတာ္,16.8218169,96.1458035,09420752832,,,,,,
ေနျပည္ေတာ္ျပည္ေထာင္စုနယ္ေျမ,ပုဗၺသီရိျမို႕,လ်ွပ္စစ္ပစၥည္းအေရာင္းဆိုင္,စိုးေမတၱာ,19.871006,96.192934,09448545622,,,,,,
ေနျပည္ေတာ္ျပည္ေထာင္စုနယ္ေျမ,ပုဗၺသီရိျမို႕,လ်ွပ္စစ္ပစၥည္းအေရာင္းဆိုင္,တီတီအီး ဂလိုဗယ္လ္,19.865536,96.175213,,,,,,,
ေနျပည္ေတာ္ျပည္ေထာင္စုနယ္ေျမ,ပုဗၺသီရိျမို႕,လ်ွပ္စစ္ပစၥည္းအေရာင္းဆိုင္,ေက်ာ္စတား,19.871439,96.194775,,,,,,,
ေနျပည္ေတာ္ျပည္ေထာင္စုနယ္ေျမ,ပုဗၺသီရိျမို႕,လ်ွပ္စစ္ပစၥည္းအေရာင္းဆိုင္,အလင္းေရာင္,19.877679,96.19534,0943048007,,,,,,
ေနျပည္ေတာ္ျပည္ေထာင္စုနယ္ေျမ,ပုဗၺသီရိျမို႕,လ်ွပ္စစ္ပစၥည္းအေရာင္းဆိုင္,၀လင္းဟန္,19.90955,96.205256,09420721751,,,,,,
ေနျပည္ေတာ္ျပည္ေထာင္စုနယ္ေျမ,ပ်ဥ္းမနားျမို႕,လ်ွပ္စစ္ပစၥည္းျပဳျပင္ေရး,ရဲနိုင္,19.749116,96.203448,09976638555,,,,,,
ေနျပည္ေတာ္ျပည္ေထာင္စုနယ္ေျမ,ပ်ဥ္းမနားျမို႕,လ်ွပ္စစ္ပစၥည္းျပဳျပင္ေရး,ညိမ္းဆက္ခိုင္,19.755811,96.204669,09420739660,,,,,,
ေနျပည္ေတာ္ျပည္ေထာင္စုနယ္ေျမ,လယ္ေ၀းျမို႕,လ်ွပ္စစ္ပစၥည္းျပဳျပင္ေရး,ဆန္းသစ္,19.639593,96.112472,,,,,,,
ေနျပည္ေတာ္ျပည္ေထာင္စုနယ္ေျမ,ပုဗၺသီရိျမို႕,ဓာတ္အားခြဲရံု,ပုဗၺသီရိျမိဳ႕နယ္ဓာတ္အားခြဲရံု,19.863335,96.183919,,,,,,,
ေနျပည္ေတာ္ျပည္ေထာင္စုနယ္ေျမ,ပုဗၺသီရိျမို႕,ဓာတ္အားခြဲရံု,မင္းမင္းစံ,19.88102,96.181029,,,,,,,
ေနျပည္ေတာ္ျပည္ေထာင္စုနယ္ေျမ,ပ်ဥ္းမနားျမို႕,ဓာတ္အားခြဲရံု,ပ်ဥ္းမနားဓာတ္အားခြဲရံု,19.734674,96.233257,,,,,,,
ေနျပည္ေတာ္ျပည္ေထာင္စုနယ္ေျမ,ပ်ဥ္းမနားျမို႕,ေရအားလွ်ပ္စစ္ဓာတ္အားေပးစက္ရံု,အထက္ေပါင္းေလာင္းဓာတ္အားေပးစက္ရံု,19.756673,96.59094,,,,,,,
